"","Name","PlayerID","Age","Value","Adjusted Value","Elite Rate"
"1","Christian Bethancourt","10028",29,3.751,0.295,4.3
"2","Wilfredo Tovar","10416",29,3.551,0.094,1.7
"3","Cheslor Cuthbert","10473",28,3.323,-0.134,0.8
"4","Arismendy Alcantara","10711",29,3.121,-0.336,1.9
"5","Rangel Ravelo","10839",29,5.995,2.539,5.1
"6","Delino DeShields","11379",28,3.457,0,2.6
"7","Tony Wolters","11470",29,3.9,0.444,0.8
"8","Yolmer Sanchez","11602",29,2.841,-0.615,1.6
"9","Brandon Drury","11615",28,4.058,0.602,1.5
"10","Drew Robinson","11761",29,1.794,-1.663,1.6
"11","Mason Williams","11859",29,2.971,-0.486,0
"12","Orlando Calixte","11905",29,2.955,-0.502,7.4
"13","Juniel Querecuto","12140",28,2.301,-1.155,0
"14","Jorge Bonifacio","12174",28,2.189,0.062,1.2
"15","Jake Hager","12198",28,3.245,-0.211,2.1
"16","Dillon Thomas","12719",28,2.828,-0.628,0.8
"17","Breyvic Valera","12758",29,4.193,0.737,3.4
"18","Dalton Pompey","12797",28,0.516,-0.973,0
"19","Alen Hanson","12926",28,2.039,-1.418,0
"20","Socrates Brito","12944",28,2.647,-0.81,0
"21","Phillip Evans","12950",28,1.814,-1.643,0
"22","Charles Tilson","12983",28,5.023,1.566,5.9
"23","Jose Briceno","13151",28,2.617,-0.839,0
"24","Marco Hernandez","13154",28,2.224,-1.232,0
"25","Nicky Delmonico","13157",28,2.26,-1.196,0
"26","Robel Garcia","13167",28,2.201,-1.256,1.9
"27","Blake Swihart","13176",29,2.583,-0.873,0
"28","Orlando Arcia","13185",26,4.935,1.479,5.7
"29","Ildemaro Vargas","13324",29,2.728,-0.728,0.7
"30","Bubba Starling","13356",28,4.331,0.874,1.3
"31","Dwight Smith Jr.","13473",28,1.605,-1.852,0
"32","Humberto Arteaga","13595",27,1.033,-2.424,0.8
"33","Mallex Smith","13608",28,2.752,-0.704,2.4
"34","Eric Stamets","13795",29,2.252,-1.204,0
"35","Rio Ruiz","14103",27,1.96,-1.497,0
"36","Albert Almora Jr.","14109",27,3.209,-0.248,1.6
"37","Daniel Vogelbach","14130",28,5.982,2.526,4.2
"38","Greg Bird","14131",28,2.836,-0.62,0.7
"39","Tim Lopes","14137",27,2.764,-0.692,1.5
"40","Jose Rondon","14140",27,4.228,0.772,1.2
"41","Daniel Robertson","14145",27,1.158,-2.298,1.3
"42","Andrew Velazquez","14196",26,5.7,2.243,14.5
"43","Anthony Alford","14329",26,5.724,2.268,8.4
"44","Nick Williams","14330",27,2.584,-0.872,1.9
"45","Dilson Herrera","14335",27,2.629,-0.827,2.5
"46","Scott Heineman","14453",28,5.012,1.556,5.5
"47","Renato Nunez","14503",27,4.667,1.21,7.2
"48","Luis Marte","14515",27,2.086,-1.37,1.4
"49","Wyatt Mathisen","14555",27,2.818,-0.639,0.6
"50","Carlos Tocci","14558",25,0.812,-1.78,0.4
"51","Franchy Cordero","14567",26,3.972,0.516,2.9
"52","Phillip Ervin","14738",28,3.346,-0.11,2
"53","Yu Chang","14773",25,5.797,2.34,8.7
"54","JaCoby Jones","14818",29,1.783,-1.674,0
"55","Daniel Palka","14897",29,3.907,0.45,2.3
"56","Jack Reinheimer","14938",28,2.381,-1.075,0
"57","Johan Camargo","14950",27,3.521,0.065,3.6
"58","Zach Green","14973",27,1.648,-1.808,0
"59","Dylan Cozens","15115",27,3.313,-0.144,1.7
"60","Ian Miller","15156",29,3.263,-0.194,4.5
"61","Josh VanMeter","15170",26,6.885,3.428,10
"62","Ryan Cordell","15181",29,3.378,-0.079,1.5
"63","Dustin Peterson","15189",26,3.547,0.091,0.9
"64","Carlos Asuaje","15197",29,2.058,-1.398,0
"65","Zack Granite","15343",28,0.203,-1.287,0
"66","Frank Schwindel","15351",29,4.097,0.641,3.1
"67","Victor Reyes","15487",26,6.371,2.915,8.3
"68","Justin Williams","15490",25,2.648,-0.809,0.8
"69","Abiatal Avelino","15496",26,3.861,0.404,2.6
"70","Joseph Odom","15535",29,1.208,-2.248,0
"71","Mike Ford","15585",28,5.273,1.816,7.1
"72","Willians Astudillo","15608",29,2.602,-0.854,0.8
"73","Rowdy Tellez","15679",26,6.018,2.561,11.1
"74","Chance Sisco","15694",26,3.672,0.216,3.3
"75","Allen Cordoba","15722",25,0.698,-0.792,0.6
"76","Jose Marmolejos","15767",28,5.55,2.094,11.9
"77","Rafael Bautista","15769",28,2.499,-0.957,0
"78","Jose Godoy","15808",26,1.79,-1.667,0
"79","Erick Mejia","15817",26,1.547,-1.909,0
"80","Luis Torrens","15905",25,3.806,0.349,5.3
"81","Travis Demeritte","15958",26,5.624,2.168,7.3
"82","Ivan Castillo","15971",26,1.528,-1.928,1.2
"83","Ryder Jones","15982",27,0,-1.49,0
"84","Deivy Grullon","15988",25,5.232,1.775,9.7
"85","Kean Wong","15994",26,3.22,-0.236,1.5
"86","Stevie Wilkerson","16041",29,2.094,-1.362,1
"87","Mark Payton","16042",29,3.235,-0.222,2.5
"88","Taylor Gushue","16098",27,2.119,-1.337,0.7
"89","Derek Fisher","16192",27,1.113,-2.343,0
"90","Bradley Zimmer","16221",28,4.65,1.194,6.8
"91","Sam Travis","16263",27,2.224,-1.232,0.9
"92","Alex Blandino","16271",28,2.258,-1.199,0
"93","Michael Hermosillo","16285",26,7.866,4.409,14.9
"94","Yairo Munoz","16313",26,4.629,1.173,5
"95","Nick Gordon","16337",25,6.2,2.744,15.6
"96","Pablo Reyes","16357",27,3.02,-0.436,1.3
"97","Oscar Mercado","16375",26,3.602,0.145,5.6
"98","Brian Navarreto","16398",26,2.409,-0.322,0
"99","Domingo Leyba","16404",25,4.401,0.944,3
"100","Richard Urena","16411",25,1.83,-1.626,2.3
"101","Sergio Alcantara","16417",24,4.923,1.466,1.9
"102","Thairo Estrada","16426",25,5.604,2.148,6
"103","Jason Martin","16429",25,5.414,1.957,6.1
"104","Ryan O'Hearn","16442",27,7.331,3.875,16.5
"105","Ryan McBroom","16524",29,3.663,0.207,0.8
"106","Mauricio Dubon","16530",26,3.728,0.272,2.7
"107","Connor Joe","16572",28,4.595,1.138,6.7
"108","Kevin Padlo","16593",24,2.191,-1.265,0
"109","Greg Allen","16623",28,5.446,1.99,4.1
"110","Jason Vosler","16686",27,4.512,1.056,5.9
"111","Brian O'Grady","16729",29,3.716,0.259,3.1
"112","Braxton Lee","16839",27,0.509,-1.789,0.8
"113","John Nogowski","16852",28,3.032,-0.424,0
"114","Joshua Fuentes","16885",28,2.547,-0.909,0
"115","Lane Thomas","16939",25,3.086,-0.371,0
"116","Derek Hill","16947",25,3.886,0.43,7
"117","Chadwick Tromp","16953",26,1.249,-2.208,0
"118","Gavin Cecchini","17005",27,0.988,-1.326,1.3
"119","Grayson Greiner","17062",28,1.211,-2.246,1.8
"120","Meibrys Viloria","17109",24,2.759,-0.698,0
"121","Chad Wallach","17161",29,5.191,1.734,3.8
"122","Monte Harrison","17216",25,4.587,1.13,13.5
"123","Alex Jackson","17276",25,5.924,2.468,8.5
"124","Bobby Bradley","17278",25,4.584,1.128,4.8
"125","Michael Chavis","17321",25,3.456,-0.001,4.3
"126","Cole Tucker","17326",24,4.345,0.889,7
"127","Yermin Mercedes","17423",28,4.798,1.342,5.9
"128","Kelvin Gutierrez","17468",26,1.834,-1.623,0
"129","Troy Stokes Jr.","17478",25,2.97,-0.486,5.4
"130","JT Riddle","17642",29,2.467,-0.99,0
"131","Vimael Machin","17684",27,3.881,0.425,3
"132","Kevin Kramer","17689",27,1.756,-1.701,0
"133","Christin Stewart","17714",27,4.399,0.943,4.8
"134","Skye Bolt","17723",27,5.374,1.918,2.8
"135","Richie Martin","17736",26,3.552,0.096,11.3
"136","Chris Shaw","17738",27,2.82,-0.636,0
"137","Max Schrock","17750",26,2.246,-1.21,3.8
"138","Braden Bishop","17806",27,3.29,-0.167,3.4
"139","Drew Jackson","17807",27,6.555,3.098,10
"140","Jakson Reetz","17837",25,0.615,-0.875,1.7
"141","Luis Alexander Basabe","17839",24,3.765,2.276,7.1
"142","Tyler Nevin","17893",24,2.492,-0.964,2.2
"143","Isan Diaz","17922",25,3.751,0.294,3.1
"144","Sam Hilliard","17954",27,3.369,-0.088,4.1
"145","Scott Kingery","17975",27,2.495,-0.962,2.3
"146","Hoy Park","18027",25,7.064,3.608,8.5
"147","Garrett Stubbs","18067",28,3.287,-0.169,0.8
"148","Austin Allen","18083",27,3.618,0.161,2.3
"149","LaMonte Wade Jr","18126",27,3.577,0.121,0
"150","Patrick Mazeika","18142",27,3.364,-0.093,0
"151","Nick Dini","18206",27,3.945,0.488,2.6
"152","Daz Cameron","18353",24,4.85,1.393,8.3
"153","Lewin Diaz","18365",24,5.521,2.064,8.2
"154","Travis Blankenhorn","18395",24,6.086,2.63,9.7
"155","Joe McCarthy","18399",27,3.281,-0.175,2.6
"156","Trey Amburgey","18425",26,2.74,-0.717,0.8
"157","Chris Gittens","18482",27,6.819,3.363,9.1
"158","Ali Sanchez","18551",24,2.37,-1.087,0.8
"159","Ramon Urias","18795",27,4.711,1.255,1.8
"160","Andy Ibanez","18819",28,4.381,0.925,5.6
"161","Yohel Pozo","18848",24,4.051,0.595,3.8
"162","Jahmai Jones","18872",23,4.344,0.887,7.1
"163","Curtis Terry","18881",24,3.973,0.517,3.2
"164","Seby Zavala","18887",27,2.527,-0.929,0.7
"165","Leody Taveras","18900",22,3.632,0.176,4.8
"166","Estevan Florial","19151",23,3.196,-0.26,3.3
"167","Corey Ray","19170",26,2.859,-0.598,2.7
"168","Will Craig","19267",26,4.885,1.429,7.6
"169","Nick Solak","19294",26,2.377,-1.079,1.9
"170","Donovan Walton","19314",27,2.962,-0.494,0.7
"171","Matt Thaiss","19318",26,3.046,-0.411,1.6
"172","Jose Rojas","19331",28,2.404,-1.052,0.8
"173","Eli White","19346",27,3.993,0.536,2.8
"174","DJ Peters","19348",25,1.537,-1.92,0.9
"175","Luke Raley","19354",26,4.661,1.205,4.5
"176","Zach McKinstry","19392",26,3.971,0.515,0.9
"177","Yonny Hernandez","19432",23,5.262,1.806,11.8
"178","Alex De Goti","19477",26,1.228,-2.229,0
"179","Andrew Young","19521",27,2.56,-0.896,3.5
"180","Jacob Robson","19528",26,3.424,0.512,5.8
"181","Taylor Jones","19533",27,2.986,-0.47,0.8
"182","Jaylin Davis","19552",26,3.549,0.092,2.3
"183","Zack Short","19562",26,4.632,1.176,7.4
"184","Nick Heath","19577",27,3.346,-0.11,4.2
"185","Bryan De La Cruz","19600",24,2.344,-1.112,1.6
"186","Otto Lopez","19608",22,2.912,1.423,3.6
"187","Keibert Ruiz","19610",22,4.642,1.185,5.1
"188","Luis Barrera","19615",25,2.057,-1.399,0
"189","Brent Rooker","19627",26,5.551,2.095,9.1
"190","Jack Kruger","19634",26,1.475,-1.981,0
"191","Sheldon Neuse","19635",26,1.952,-1.504,0
"192","Daniel Johnson","19643",25,3.341,-0.115,6.6
"193","Zach Reks","19667",27,2.782,-0.675,0
"194","Mike Brosseau","19683",27,3.178,-0.278,0
"195","Edward Olivares","19698",25,6.045,2.589,7.7
"196","Jake Noll","19703",27,3.338,-0.118,3.2
"197","Ronnie Dawson","19710",26,2.246,-1.211,0.7
"198","Josh Palacios","19818",25,2.677,-0.779,4.5
"199","Abraham Toro","19844",24,5.813,2.356,3.2
"200","Luis Rengifo","19858",24,6.883,3.427,14.5
"201","Riley Adams","19864",25,3.728,0.271,4.9
"202","Greg Deichmann","19872",26,3.162,-0.294,1.6
"203","Drew Ellis","19873",25,2.813,-0.643,4.9
"204","Adam Haseley","19878",25,2.193,-1.263,1.3
"205","Emmanuel Rivera","19890",25,6.183,2.727,9.9
"206","Connor Wong","19896",25,2.14,-1.317,0
"207","Gavin Sheets","19901",25,3.565,0.109,3.9
"208","Anderson Tejeda","19909",23,1.377,-0.833,2.7
"209","Jesus Sanchez","19913",23,6.898,3.441,13.4
"210","Daulton Varsho","19918",24,6.475,3.018,13.1
"211","Ryan McKenna","19928",24,7.234,3.777,13.7
"212","Luke Williams","19931",24,4.378,0.922,5.9
"213","Aaron Whitefield","19938",24,1.689,0.2,1.7
"214","Cristian Pache","19948",22,3.631,0.175,1.8
"215","Andres Gimenez","19950",22,5.138,1.681,7.6
"216","Khalil Lee","19952",23,5.182,1.725,1.9
"217","Mickey Moniak","19956",23,2.498,-0.959,1.7
"218","Carter Kieboom","19958",23,3.88,0.424,2.3
"219","Taylor Trammell","19960",23,2.336,-1.121,1.9
"220","Jared Oliva","19968",25,3.263,-0.194,1.9
"221","Tres Barrera","19977",26,1.599,-1.858,0
"222","Keston Hiura","20003",24,4.887,1.431,6
"223","Hunter Owen","20034",27,1.922,-1.535,0.9
"224","Isaac Paredes","20036",22,4.229,0.772,1.5
"225","Brian Miller","20047",25,3.905,0.449,11.9
"226","Alan Trejo","20056",25,1.777,-1.679,2.3
"227","Brandon Marsh","20202",23,3.046,-0.41,2.7
"228","Jo Adell","20220",22,3.947,0.491,2.9
"229","Gilberto Celestino","20233",22,3.946,1.587,6.1
"230","Kevin Smith","20242",24,6.271,2.815,9.8
"231","Mario Feliciano","20263",22,1.08,-2.376,0
"232","Jonathan Arauz","20275",22,2.316,-1.14,2.1
"233","Ben Rortvedt","20287",23,2.674,-0.782,1.9
"234","Jake Meyers","20308",25,4.621,1.164,4.9
"235","Stuart Fairchild","20321",25,4.437,0.981,7.4
"236","Luis Gonzalez","20332",25,6.253,2.797,7.6
"237","Ernie Clement","20352",25,2.734,-0.722,1.5
"238","Luis Garcia","20391",21,6.067,2.61,10.9
"239","Scott Hurst","20501",25,1.536,-1.921,0
"240","William Contreras","20503",23,6.122,2.666,10.8
"241","Vidal Brujan","20536",23,7.01,3.554,19.6
"242","Alejo Lopez","21127",25,3.065,0.34,1.5
"243","Lars Nootbaar","21454",23,3.796,0.339,4.3
"244","Joey Bart","21524",24,2.367,-1.09,2.9
"245","Cal Raleigh","21534",24,4.832,1.376,5.7
"246","Matt Vierling","21558",24,3.34,0.528,4.7
"247","Kyle Isbel","21614",24,6.415,2.959,10.9
"248","Nick Maton","21635",24,2.514,-0.943,1.6
"249","Rafael Marchan","21646",22,0.921,-2.535,0.8
"250","Sebastian Rivero","21735",22,1.713,-1.743,0.9
"251","Sherten Apostel","21794",22,1.732,-0.309,1.7
"252","Rodolfo Castro","21987",22,3.227,1.737,5.6
"253","Sam Huff","22209",23,0.65,-0.839,0.8
"254","Luis Campusano","22217",22,4.317,0.86,3.4
"255","Jake Burger","22275",25,4.193,0.737,1.1
"256","Taylor Walls","22458",24,4.755,1.298,9.1
"257","Jarred Kelenic","22558",21,6.243,2.787,10.9
"258","Alejandro Kirk","22581",22,4.296,0.839,2
"259","Geraldo Perdomo","22799",21,2.618,1.128,3.1
"260","Tucupita Marcano","22871",21,3.234,-0.222,1.9
"261","Jose Barrero","23378",23,4.337,1.861,8.5
"262","Wander Franco","23667",20,7.322,3.866,19.2
"263","Jarren Duran","24617",24,6.711,3.254,15.9
"264","Ryan Jeffers","24618",24,3.978,0.521,5.8
"265","Owen Miller","24655",24,4.183,0.727,1.6
"266","Cody Wilson","24671",24,2.148,-0.657,3.9
"267","Yoshi Tsutsugo","27459",29,3.154,-0.303,1.8
"268","Spencer Brickhouse","sa1052762",23,0.483,-0.562,0.8
"269","Anthony Prato","sa1052903",23,0.266,-0.691,0
"270","Jimmy Titus","sa1052965",23,0.311,-0.646,2.7
"271","TJ Hopkins","sa1053018",24,0.755,-0.734,1.6
"272","Marty Bechina","sa1053075",24,1.425,-1.039,1.7
"273","Dean Miller","sa1056110",24,0,-0.957,0
"274","Cole Kleszcz","sa1056328",24,0.049,-0.908,0
"275","Spencer Horwitz","sa1115496",23,1.111,0.066,0.7
"276","Chase Murray","sa1115500",23,0.622,-0.423,0
"277","Seth Gray","sa1115752",23,0.368,-0.677,0
"278","Vinnie Pasquantino","sa1115762",23,2.261,1.071,4.7
"279","Eric Rivera","sa1115765",23,0.337,-0.707,0
"280","Dominic Fletcher","sa1115778",23,1.016,-0.473,0.8
"281","Shane Selman","sa1115804",24,0.631,-0.413,0.6
"282","Kyle Stowers","sa1115829",23,1.439,0.134,1.9
"283","Carter Bins","sa1115884",22,1.782,0.631,3.2
"284","Dominic Canzone","sa1115890",23,1.881,0.723,3.2
"285","Michael Massey","sa1115910",23,1.588,0.543,2.7
"286","Nick Kahle","sa1115979",23,0,-1.045,0
"287","Will Matthiessen","sa1116023",23,0.237,-0.79,0
"288","Kyle McCann","sa1159677",23,0.894,-0.596,0
"289","Colin Simpson","sa1159681",24,0,-0.957,0
"290","Quincy McAfee","sa1159899",23,1.166,-0.064,1.9
"291","Rece Hinds","sa1169587",20,1.505,0.548,1.8
"292","Beau Philip","sa1169595",22,0.405,-0.64,0
"293","Matthew Lugo","sa1169598",20,0.748,-0.209,2.2
"294","Tyler Callihan","sa1169610",21,1.377,0.419,1.6
"295","Ivan Johnson","sa1169627",22,0.459,-0.498,0
"296","Johnny Rizer","sa1169761",24,0.518,-0.877,0.9
"297","Eric Yang","sa1169769",23,0.034,-1.01,0
"298","LJ Talley","sa1169773",24,0.631,-0.859,2.3
"299","Ryan Ward","sa1169792",23,1.513,0.468,2.9
"300","Clay Dungan","sa1169803",25,1.547,0.058,3.5
"301","Simon Whiteman","sa1169809",24,1.563,0.209,4.7
"302","Cody Milligan","sa1169818",22,1.39,0.346,1
"303","Brandon Parker","sa1169878",22,0.129,-0.828,0
"304","Jonathan Embry","sa1169879",24,0.275,-0.682,0.8
"305","Zac Ching","sa1169881",24,0.128,-0.916,0
"306","Nick Sogard","sa1169919",23,0.791,-0.337,0
"307","Kennie Taylor","sa1169940",24,0.181,-0.823,0
"308","Aaron Shackelford","sa1169950",24,0,-1.045,0
"309","Javeon Cody","sa1169970",21,0.459,-0.498,1.3
"310","Matt Lloyd","sa1169978",25,0.199,-1.291,0
"311","David Vinsky","sa1169997",22,0.762,-0.728,0
"312","Brett Wisely","sa1170003",22,1.425,0.455,4
"313","Joe Vranesh","sa1170006",23,0.605,-0.439,0.8
"314","Cam Devanney","sa1170010",24,0.419,-1.07,0
"315","Burle Dixon","sa1170041",22,0.237,-0.72,0.7
"316","Tanner Murphy","sa1170052",23,0,-0.957,0
"317","Matt O'Neill","sa1170279",23,0.137,-0.82,0
"318","Cade Marlowe","sa1170288",24,0.403,-0.605,0.4
"319","Toby Welk","sa1170296",24,0.908,-0.385,2.1
"320","Jake Means","sa1170316",25,0.154,-0.859,0
"321","Anthony Mulrine","sa1170373",23,1.472,-0.017,4.1
"322","Elvis Peralta","sa1170420",24,0.151,-0.894,0
"323","Bryce Ball","sa1170451",22,1.029,-0.015,2.4
"324","Hill Alexander","sa1170495",25,0.544,-0.471,1.1
"325","Alex Isola","sa1170516",22,1.154,0.11,3.1
"326","Kyle MacDonald","sa1170553",25,0,-1.045,0
"327","Max Smith","sa1170615",24,0.082,-0.963,0
"328","Josh Bissonette","sa1170619",24,0.206,-1.284,0
"329","Chandler Redmond","sa1170749",24,1.084,0.04,1.7
"330","Cody Birdsong","sa1170766",24,0.028,-0.929,0
"331","Dylan Shockley","sa1170874",24,0.151,-0.893,0.7
"332","Willie Carter","sa1170876",24,0.038,-0.919,0
"333","Ernny Ordonez","sa1170897",22,0.063,-0.894,0
"334","Ryan Sloniger","sa1171013",24,0,-0.957,0
"335","Jesus Feliz","sa3002624",21,1.162,0.205,2.6
"336","Geraldi Diaz","sa3002635",20,1.413,0.456,1
"337","Justin Lopez","sa3002670",21,0.551,-0.494,0.6
"338","Alexander Hernandez","sa3002696",22,0.641,-0.316,0
"339","Jose Curpa","sa3002703",21,1.378,0.421,2.8
"340","Jose Tortolero","sa3002708",21,0.572,-0.472,0
"341","Juan Aparicio","sa3002710",21,0.603,-0.354,0
"342","Nicolas Torres","sa3002711",21,0.563,-0.394,1.6
"343","Axel Andueza","sa3002712",22,0.19,-0.855,0
"344","Lazaro Alonso","sa3002722",26,0.131,-1.359,0
"345","Tanner Nishioka","sa3002754",26,0.094,-1.395,0
"346","Mason McCoy","sa3002758",26,2.967,-0.49,2.5
"347","Tanner Kirwer","sa3002831",25,2.257,1.006,5.8
"348","Brock Lundquist","sa3002834",25,0,-1.49,0
"349","Evan Mendoza","sa3002836",25,1.784,-1.672,0
"350","Clark Scolamiero","sa3002837",25,0.079,-1.411,0
"351","Cesar Izturis Jr.","sa3002847",21,0,-0.957,0
"352","Robert Perez","sa3002851",21,0.285,-0.672,0
"353","Alexander Campos","sa3002852",21,1.225,0.268,2
"354","Carlos Luis","sa3002860",21,0.048,-0.909,0
"355","Ismael Alcantara","sa3002862",22,0.665,-0.292,0.8
"356","Wladimir Chalo","sa3002863",21,0.113,-0.844,0
"357","Gilberto Vizcarra","sa3002865",22,0,-0.957,0
"358","Eric Wagaman","sa3002875",23,0.088,-0.915,0
"359","Irving Lopez","sa3002878",26,0.66,-1.715,0
"360","Danny Edgeworth","sa3002880",25,1.393,-2.063,1.1
"361","Zach Jarrett","sa3002883",26,4.067,0.611,2.2
"362","Christopher Morel","sa3003171",22,2.29,0.8,5
"363","Ernesto Martinez","sa3003173",22,1.697,0.74,5.9
"364","Reyny Reyes","sa3003178",22,0.066,-0.891,0
"365","Marcos Brito","sa3003183",21,0.17,-0.837,0.3
"366","Yerdel Vargas","sa3003184",21,0.074,-0.971,0
"367","Yunior Severino","sa3003185",21,0.45,-0.531,0.5
"368","Ivan Herrera","sa3003191",21,4.546,3.056,8.7
"369","Ranser Amador","sa3003192",22,0.214,-0.743,0.8
"370","Freudis Nova","sa3003195",21,1.019,-0.026,2.8
"371","David Garcia","sa3003197",21,0.553,-0.491,0.8
"372","Debby Santana","sa3003210",20,0.651,-0.307,0
"373","Felix Familia","sa3003213",22,0.156,-0.802,0
"374","Daniel Ozoria","sa3003218",20,0.887,-0.158,1.9
"375","Rafael Lantigua","sa3003219",23,0.981,-0.064,1.1
"376","Jordan Diaz","sa3003221",20,3.804,2.759,6.5
"377","Aldenis Sanchez","sa3003222",22,2.427,1.47,10.4
"378","Julio De La Cruz","sa3003224",20,0.895,-0.091,2.5
"379","Gabriel Moreno","sa3003226",21,6.499,5.009,22.1
"380","Johan Lopez","sa3003228",20,1.853,0.896,0.7
"381","Jhon Torres","sa3003233",21,0.433,-0.612,0
"382","Wilfred Astudillo","sa3003236",21,0.314,-0.643,0
"383","Gustavo Campero","sa3003242",23,0,-0.957,0
"384","Edgar Made","sa3003244",21,0.028,-0.929,0
"385","Maikel Garcia","sa3003246",21,1.966,0.974,4.2
"386","Eliezer Alfonzo","sa3003262",21,1.022,0.024,1.9
"387","Esney Chacon","sa3003267",21,0.09,-0.867,0
"388","Luis Mieses","sa3003274",21,0.748,-0.244,0.7
"389","Steward Berroa","sa3003276",22,2.366,1.409,12.4
"390","Diego Infante","sa3003280",21,1.557,0.6,1.5
"391","Abiezel Ramirez","sa3003282",21,0.422,-0.535,1.9
"392","Jose Peroza","sa3003288",21,1.896,0.922,7.2
"393","Francisco Acuna","sa3003291",21,1.321,0.313,2.7
"394","Oswald Peraza","sa3003305",21,4.113,2.769,8.9
"395","Marcos Gonzalez","sa3003311",21,3.268,1.778,2.5
"396","Sean Mendoza","sa3003312",21,0.541,-0.416,0.8
"397","Alexander Canario","sa3003316",21,1.359,0.381,1
"398","Angel Aponte","sa3003319",21,1.758,0.801,2.7
"399","Nerio Rodriguez","sa3003325",21,0.376,-0.581,0
"400","Wenceel Perez","sa3003326",21,0.998,-0.022,1.4
"401","Franklin Soto","sa3003328",21,0.038,-0.919,0
"402","Deury Carrasco","sa3003330",21,1.168,0.123,1.6
"403","Hugo Cardona","sa3003339",21,1.164,0.207,6.3
"404","Jean Carmona","sa3003340",21,0.456,-0.501,0
"405","Sebastian Espino","sa3003347",21,1.677,0.632,2.4
"406","Edwin Mateo","sa3003364",22,0.068,-0.889,0
"407","Jose Alvarez","sa3003377",21,0.329,-0.628,0
"408","Josue Huma","sa3003379",21,0.896,-0.148,0.8
"409","Yainer Diaz","sa3003386",22,0.529,-0.428,0
"410","Cristhian Longa","sa3003408",21,0.469,-0.576,0
"411","Juan Carlos Negret","sa3003430",22,0.487,-0.47,0
"412","Trey Hair","sa3003436",26,0.627,-0.418,2.5
"413","Yoel Yanqui","sa3003437",25,0.146,-1.344,0
"414","Seaver Whalen","sa3003939",26,0.275,-1.214,0
"415","Ernie De La Trinidad","sa3003955",25,0.291,-1.199,0.7
"416","Garrison Schwartz","sa3003956",25,0.043,-1.001,0
"417","Cullen Large","sa3003959",25,1.673,-1.783,0.9
"418","Jake Adams","sa3003962",25,0.027,-1.463,0
"419","Cole Peterson","sa3003965",25,2.129,-1.327,0.8
"420","Chandler Seagle","sa3003969",25,0.08,-1.409,0
"421","Alex Destino","sa3004031",25,0.156,-0.889,0
"422","Jeremy Arocho","sa3004046",22,0.947,-0.01,3.7
"423","Gabriel Arias","sa3004047",21,3.256,-0.2,0.8
"424","Tirso Ornelas","sa3004048",21,1.786,0.742,1.8
"425","Lenyn Sosa","sa3004051",21,1.662,0.618,0.7
"426","Austin Beck","sa3004055",22,0.422,-0.623,0
"427","David Banuelos","sa3004056",24,0.844,-1.585,0.6
"428","Marcus Chiu","sa3004060",24,0,-0.957,0
"429","Connor Hoover","sa3004061",24,0.658,-0.387,0
"430","Jancarlos Cintron","sa3004065",26,0.465,-1.372,1.4
"431","Robbie Podorsky","sa3004066",26,4.221,0.765,10.4
"432","Chris Roller","sa3004068",24,0.526,-0.964,2.7
"433","Laz Rivera","sa3004128",26,1.883,-0.141,3
"434","Nick Pratto","sa3004138",22,6.138,4.031,16.8
"435","MJ Melendez","sa3004139",22,6.033,4.544,14.1
"436","Bubba Thompson","sa3004140",23,2.299,0.809,7
"437","Jeisson Rosario","sa3004146",21,2.911,1.422,3
"438","Johnathan Rodriguez","sa3004147",21,0.396,-0.561,0
"439","Jordy Barley","sa3004148",21,1.688,0.73,6.2
"440","Agustin Ruiz","sa3004149",21,3.132,2.02,3.7
"441","Victor Ruiz","sa3004150",21,0.228,-0.817,0
"442","Blake Hunt","sa3004153",22,1.274,0.229,2.9
"443","Jonny Homza","sa3004155",22,1.093,0.049,0.7
"444","Cody Bohanek","sa3004157",25,1.086,-0.844,1.2
"445","Brewer Hicklen","sa3004159",25,2.885,1.396,7
"446","Jake Scheiner","sa3004160",25,0.366,-1.123,0
"447","Sam Abbott","sa3004161",22,0.051,-0.907,0
"448","Rylan Bannon","sa3004162",25,5.332,1.875,6.9
"449","Tyreque Reed","sa3004163",24,1.14,-0.055,3.5
"450","Mark Contreras","sa3004164",26,3.892,0.881,6.2
"451","Bligh Madris","sa3004165",25,3.047,-0.409,0
"452","Austin Listi","sa3004170",27,0.964,-2.492,0
"453","Mickey McDonald","sa3004173",26,1.182,-0.914,0.2
"454","JJ Muno","sa3004176",27,0.92,-0.57,1.7
"455","Matt Batten","sa3004179",26,3.364,-0.092,1.7
"456","Chad Spanberger","sa3004242",25,0.034,-1.455,0
"457","Renae Martinez","sa3004255",27,0.277,-1.212,0
"458","Ryan Vilade","sa3004256",22,2.35,-1.106,0.8
"459","Cal Mitchell","sa3004258",22,3.714,2.225,6.8
"460","Abrahan Gutierrez","sa3004263",21,1.36,0.403,5.3
"461","Livan Soto","sa3004264",21,1.527,0.482,2.4
"462","Terry Fuller","sa3004265",22,0.17,-0.788,0.7
"463","Alison Quintero","sa3004266",21,0.045,-0.912,0
"464","Sam McMillan","sa3004277",22,0.077,-0.88,0
"465","Canaan Smith-Njigba","sa3004279",22,3.29,1.801,1
"466","Obie Ricumstrict","sa3004282",22,0,-0.957,0
"467","Dylan Rosa","sa3004285",25,0.563,-1.394,0.2
"468","Ryan Dorow","sa3004295",25,1.55,-1.277,1.1
"469","Brent Diaz","sa3004297",25,0.235,-1.254,0.7
"470","Drew Waters","sa3004378",22,4.648,1.192,6.3
"471","Ulrich Bojarski","sa3004381",22,0,-0.957,0
"472","Jose Sanchez","sa3004382",20,1.972,1.015,2.1
"473","Ricardo Mendez","sa3004383",21,0.257,-0.7,0
"474","Israel Pineda","sa3004385",21,0.732,-0.312,0
"475","Demetrius Sims","sa3004390",25,0.228,-1.261,1.2
"476","Erik Ostberg","sa3004505",25,0.551,-0.493,0.8
"477","Matt Winaker","sa3004506",25,0.358,-1.131,0.7
"478","Jecorrah Arnold","sa3004508",22,0.11,-0.847,0.9
"479","Cam Balego","sa3004517",26,0.909,-0.581,0
"480","Davis Schneider","sa3004518",22,2.06,1.015,4.6
"481","Jeter Downs","sa3004615",22,1.975,-1.481,2.4
"482","Cole Brannen","sa3004616",22,0.59,-0.455,1.3
"483","Buddy Kennedy","sa3004617",22,3.597,2.285,8.6
"484","Jacob Gonzalez","sa3004691",23,0.136,-0.909,1
"485","Heliot Ramos","sa3004693",21,3.691,1.622,6.4
"486","Mark Vientos","sa3004720",21,6.181,4.691,18.2
"487","Jacob Pearson","sa3004722",23,0.516,-0.974,0.7
"488","Nick Allen","sa3004723",22,3.24,1.75,5.6
"489","Chris Sharpe","sa3004726",25,2.888,-0.568,3.3
"490","Tyler Esplin","sa3004727",21,1.273,0.228,3.2
"491","Bryce Johnson","sa3004753",25,3.429,-0.027,3
"492","Tyler Freeman","sa3004755",22,3.931,2.441,2.3
"493","Nathan Perry","sa3004756",21,0.389,-0.568,0.7
"494","Quentin Holmes","sa3004776",21,0.52,-0.525,1.6
"495","Shane Matheny","sa3004780",25,-0.006,-1.495,0
"496","Logan Warmoth","sa3004813",25,3.03,-0.427,0
"497","Jack Larsen","sa3004840",26,0.92,-0.237,1
"498","Alex Dunlap","sa3004878",26,0.069,-1.42,0
"499","Kevin Richards","sa3004880",21,0.09,-0.867,0
"500","Bryant Quijada","sa3004882",21,0.271,-0.686,0
"501","Micael Ramirez","sa3004883",22,0.834,-0.123,1
"502","Justin Connell","sa3004884",22,0.69,-0.354,0.8
"503","Mason Martin","sa3004885",22,2.534,1.045,0.8
"504","Austen Wade","sa3004930",25,0.152,-0.892,0.8
"505","Lamar Sparks","sa3004932",22,0.223,-0.734,1.3
"506","Olivier Basabe","sa3004933",23,0.382,-1.108,1.2
"507","Riley Delgado","sa3004934",26,-0.007,-1.052,0
"508","Jared Young","sa3004937",25,1.907,0.417,3.7
"509","Francisco Hernandez","sa3004942",21,0.074,-0.971,0
"510","Donivan Williams","sa3004950",21,0.145,-0.813,0
"511","Tristen Lutz","sa3004968",22,2.11,0.621,2.9
"512","Je'Von Ward","sa3004969",21,1.388,0.343,3
"513","Imanol Vargas","sa3004972",23,0.042,-0.915,0
"514","Eddy Diaz","sa3004979",21,1.824,0.847,7.4
"515","Mark Kolozsvary","sa3004996",25,0.169,-1.32,0
"516","PK Morris","sa3005037",22,0.798,-0.159,3
"517","J.D. Osborne","sa3005053",25,0.801,-0.689,1.5
"518","Pedro Diaz","sa3005056",23,0.07,-0.888,0
"519","Spencer Griffin","sa3005063",24,0.074,-0.97,0
"520","Adam Hall","sa3005077",22,1.618,0.573,2.9
"521","Luis Santos","sa3005080",21,2.976,2.019,7.9
"522","Jacob Amaya","sa3005081",22,2.629,1.14,9.2
"523","Wilyer Abreu","sa3005082",22,0.649,-0.395,0
"524","Tyler Dearden","sa3005103",22,3.073,2.028,6.9
"525","LG Castillo","sa3005128",21,0.836,-0.209,2.1
"526","Nelson Velazquez","sa3005129",22,1.906,0.776,4.4
"527","Jan Mercado","sa3005152",21,0.174,-0.783,0
"528","D.J. Stewart","sa3005181",22,0.419,-0.603,0.9
"529","LJ Hatch","sa3005233",27,2.221,-1.236,2.4
"530","Jimmy Kerrigan","sa3005235",27,4.229,0.773,0
"531","Danny Lantigua","sa3005239",22,0.222,-0.735,0
"532","Ezequiel Duran","sa3005271",22,2.075,1.03,2.6
"533","Diosbel Arias","sa3005308",24,0.153,-1.337,0
"534","Joe Dunand","sa3005360",25,2.773,-0.684,0
"535","Braxton Martinez","sa3005373",27,0.043,-0.915,0
"536","Dairon Blanco","sa3005386",28,1.577,0.088,6.7
"537","Christian Donahue","sa3005401",26,0.501,-0.989,2
"538","Jeferson Morales","sa3005472",22,0.843,-0.114,2.2
"539","Carlos Rodriguez","sa3005478",20,2.267,1.222,1.7
"540","Jose Tena","sa3005482",20,3.088,2.043,5
"541","Roberto Chirinos","sa3005484",20,0.837,-0.121,1.3
"542","Miguel Hiraldo","sa3005486",20,2.037,1.08,0.8
"543","Adrian Hernandez","sa3005487",20,0.185,-0.86,0.9
"544","Keyber Rodriguez","sa3005488",20,0.998,0.041,1.7
"545","Antoni Flores","sa3005489",20,0.554,-0.403,0
"546","Jose Reyes","sa3005490",20,0.461,-0.496,0
"547","Fabian Pertuz","sa3005500",20,0.677,-0.28,0
"548","Allan Cerda","sa3005504",21,1.218,0.261,1
"549","Gilberto Jimenez","sa3005507",20,1.199,0.241,1.7
"550","Jhon Solarte","sa3005510",20,1.205,0.248,1.9
"551","Jorbit Vivas","sa3005511",20,4.106,3.149,5.9
"552","Alexfri Planez","sa3005515",19,1.657,0.7,0
"553","Joshwan Wright","sa3005519",20,0.779,-0.179,0
"554","Andres Melendez","sa3005523",20,0.759,-0.198,0
"555","Jorge Barrosa","sa3005524",20,2.729,1.723,3.5
"556","Daniel Rivero","sa3005525",20,1.947,0.99,0
"557","Randy Florentino","sa3005529",20,0.329,-0.628,0
"558","Edgardo Rodriguez","sa3005532",20,0.152,-0.805,0
"559","Luis Toribio","sa3005541",20,0.916,-0.041,0
"560","Neyfy Castillo","sa3005544",20,2.185,1.228,5.1
"561","Daniel Castillo","sa3005545",20,1.015,0.058,1.8
"562","Roman Ruiz","sa3005546",20,0.439,-0.571,1
"563","Eddys Leonard","sa3005554",20,3.001,2.027,7.1
"564","Angel Maita","sa3005556",20,0.56,-0.398,0
"565","Jose Rivas","sa3005561",20,0.905,-0.052,2.4
"566","Federico Polanco","sa3005571",20,0.453,-0.504,0
"567","Norkis Marcos","sa3005575",20,0.475,-0.482,1
"568","Jhonkensy Noel","sa3005579",19,4.349,3.392,15.8
"569","Ceddanne Rafaela","sa3005581",20,2.307,1.35,2.1
"570","Liover Peguero","sa3005582",20,3.541,2.497,4.8
"571","Daniel Vellojin","sa3005587",21,1.982,1.025,7.1
"572","Julio Carreras","sa3005598",21,0.094,-0.863,0
"573","Keithron Moss","sa3005599",19,1.432,0.475,1.9
"574","Antonio Cabello","sa3005600",20,0.287,-0.67,0
"575","Jose Guzman","sa3005601",20,1.395,0.437,1.5
"576","Danny Bautista","sa3005602",20,0.676,-0.281,0.6
"577","Alberto Rodriguez","sa3005603",20,2.124,1.167,5.1
"578","J.P. Martinez","sa3005607",25,0.714,-0.776,1.7
"579","Felix Valerio","sa3005613",20,3.401,2.444,5.3
"580","Ronaiker Palma","sa3005624",21,0.194,-0.763,0
"581","Andy Pages","sa3005625",20,5.086,4.041,13.2
"582","Heriberto Hernandez","sa3005630",21,1.479,0.522,2.7
"583","Dalvy Rosario","sa3005712",20,0.691,-0.266,2
"584","Alvaro Gonzalez","sa3005715",20,0.888,-0.069,0
"585","Ynmanol Marinez","sa3005716",20,1.554,0.509,6.4
"586","Adonis Giron","sa3005719",20,0.61,-0.347,0.7
"587","Julio Rodriguez","sa3005720",20,4.679,3.451,11.3
"588","Juan Querecuto","sa3005721",20,0.697,-0.26,1.5
"589","Darlyn Del Villar","sa3005724",20,0.291,-0.666,0
"590","Brandon Valenzuela","sa3005729",20,1.19,0.233,0.8
"591","Yeison Santana","sa3005730",20,0.372,-0.585,0.8
"592","Diowill Burgos","sa3005740",20,0.4,-0.557,0
"593","Junior Perez","sa3005744",19,1.529,0.572,1.8
"594","Carlos Irigoyen","sa3005745",20,0.228,-0.729,0
"595","Herard Gonzalez","sa3005750",20,1.694,0.737,2.1
"596","Braian Fernandez","sa3005751",22,0.141,-0.816,0
"597","Victor Mascai","sa3005754",20,2.502,1.545,4.3
"598","Diego Hernandez","sa3005759",20,1.16,0.203,2.8
"599","Viandel Pena","sa3005775",20,0.509,-0.448,0.7
"600","Alexander Ovalles","sa3005781",20,1.197,0.24,0.8
"601","Johan Rojas","sa3005784",20,1.649,0.692,0
"602","Jose Rodriguez","sa3005788",20,1.833,0.876,1
"603","Pedro Martinez","sa3005795",20,2.444,1.4,3.9
"604","Brayan Rocchio","sa3005898",20,4.228,3.076,9.2
"605","Yoyner Fajardo","sa3005938",22,1.214,0.257,5
"606","Flemin Bautista","sa3005940",21,0.277,-0.68,0
"607","Jose Ferrer","sa3005952",22,0,-0.957,0
"608","Victor Nova","sa3006075",21,2.112,1.067,2.3
"609","Jose Acosta","sa3006187",21,0.955,-0.056,2
"610","Manuel Garcia","sa3006202",21,0.039,-0.918,0
"611","Ryan Fitzgerald","sa3006218",27,0.758,-0.731,0
"612","Pablo Aliendo","sa3006220",20,0.463,-0.494,0
"613","Ramses Malave","sa3006428",20,0.319,-0.638,0
"614","Osleivis Basabe","sa3006594",20,1.155,0.198,2.5
"615","Bladimir Restituyo","sa3006621",19,1.355,0.398,2.7
"616","Bobby Honeyman","sa3006645",25,0.127,-1.363,0
"617","Romy Gonzalez","sa3006652",24,3.639,2.149,8.8
"618","Michael Curry","sa3006653",23,1.134,-0.355,1.3
"619","Chandler Taylor","sa3006654",25,0.668,-0.821,1.8
"620","Seth Beer","sa3006658",24,3.32,-0.136,4.8
"621","Cade Harris","sa3006661",24,0.226,-0.819,0.9
"622","Jay Schuyler","sa3006662",24,0.028,-1.462,0
"623","Orlando Martinez","sa3006664",23,1.549,0.059,0
"624","Ross Adolph","sa3006666",24,0.525,-0.964,0.7
"625","Robert Neustrom","sa3006667",24,2.288,0.197,2.1
"626","Niko Decolati","sa3006670",23,0.784,-0.26,1.3
"627","Devlin Granberg","sa3006671",25,0.582,-0.747,1.6
"628","Jake Anchia","sa3006674",24,0.429,-0.616,0
"629","Brendan Donovan","sa3006675",24,1.789,0.448,1.2
"630","Samil Polanco","sa3006676",21,0.112,-0.845,0
"631","Jacson McGowan","sa3006677",24,0.26,-0.784,0
"632","Manny Rodriguez","sa3006678",24,0,-1.49,0
"633","Doran Turchin","sa3006680",23,1.617,0.128,3.6
"634","Ian Dawkins","sa3006685",25,0.358,-0.936,1.3
"635","Keegan McGovern","sa3006710",25,0.087,-1.402,0
"636","Gage Canning","sa3006711",24,0.158,-1.091,0
"637","Daniel Amaral","sa3006712",24,1.381,-0.109,2.4
"638","Cole Daily","sa3006713",24,0.145,-0.812,0
"639","Nick Fortes","sa3006714",24,1.44,-0.573,1.3
"640","Coco Montes","sa3006715",24,0.765,-0.724,0
"641","Nick Podkul","sa3006720",24,1.174,-0.316,2.6
"642","Grant Williams","sa3006724",25,0.24,-1.25,0
"643","Ryne Ogren","sa3006726",24,0.009,-0.948,0
"644","Chris Bec","sa3006727",25,0.251,-1.238,0
"645","Drew Mount","sa3006728",25,0.298,-1.191,0
"646","Jacob Rhinesmith","sa3006729",25,0,-1.045,0
"647","Vinny Capra","sa3006731",24,1.878,0.388,4.1
"648","David Hensley","sa3006733",25,0.362,-1.128,0
"649","Justin Toerner","sa3006735",24,0.543,-0.946,0.8
"650","Kole Cottam","sa3006780",24,0.197,-0.847,0.8
"651","John Cresto","sa3006782",24,0,-1.045,0
"652","Marty Costes","sa3006783",25,1.1,-0.765,1.2
"653","Gunnar Troutwine","sa3006785",25,0.1,-0.945,0
"654","David Fry","sa3006787",25,0.954,-0.536,2.4
"655","Alex Holderbach","sa3006789",24,0.081,-0.964,0
"656","Connor Kopach","sa3006791",26,0.198,-1.291,0
"657","David Sheaffer","sa3006846",26,0.049,-1.168,0
"658","William Hancock","sa3006854",24,0,-1.045,0
"659","Brandon Lockridge","sa3006856",24,1.424,0.167,3.3
"660","Jack Conley","sa3006857",24,0.123,-1.366,0.7
"661","Jonathan Engelmann","sa3006858",24,0.344,-0.999,0.7
"662","Cobie Vance","sa3006860",23,0.479,-0.565,0
"663","Caberea Weaver","sa3006866",21,1.092,0.135,1.5
"664","Kendall Simmons","sa3006867",21,1.074,0.117,1.9
"665","Joe Perez","sa3006868",21,2.864,1.589,6
"666","Devin Mann","sa3006869",24,0.501,-0.988,1.2
"667","Cal Stevenson","sa3006871",24,1.369,-0.12,2.4
"668","George Valera","sa3006872",20,5.454,4.409,17.6
"669","Lawrence Butler","sa3006873",20,2.977,2.02,4.4
"670","Trey Harris","sa3006876",25,0.162,-1.328,0
"671","Luke Miller","sa3006879",24,0.347,-1.143,0
"672","Gabe Snyder","sa3006880",26,0.137,-0.908,0
"673","Jose Verrier","sa3006882",23,0.093,-0.952,0
"674","Micah Bello","sa3006883",20,0.498,-0.459,0
"675","Ronny Mauricio","sa3006887",20,3.573,2.528,6.2
"676","Luis Verdugo","sa3006888",20,0.344,-0.613,0
"677","D'Shawn Knowles","sa3006889",20,0.805,-0.152,1.4
"678","Leo Jimenez","sa3006891",20,1.199,0.242,3
"679","Alek Thomas","sa3006892",21,4.852,3.363,7.4
"680","Jordan Groshans","sa3006893",21,4.009,2.519,4.9
"681","Anthony Seigler","sa3006894",22,1.608,0.563,3.1
"682","Ji-hwan Bae","sa3006895",21,3.494,2.005,7.1
"683","Miguel Vargas","sa3006896",21,5.017,3.703,7.8
"684","Carlos De La Cruz","sa3006903",21,0.067,-0.891,0
"685","Richard Palacios","sa3006908",24,3.247,1.413,5.5
"686","Jonathan Ornelas","sa3006909",21,0.833,-0.212,0.7
"687","Addison Barger","sa3006910",21,0.757,-0.2,0
"688","Eric De La Rosa","sa3006911",24,0.745,-0.28,1.7
"689","CJ Alexander","sa3006912",24,0.928,-0.561,1.5
"690","Lency Delgado","sa3006913",22,0,-0.957,0
"691","Kyle Kasser","sa3006916",25,0.035,-1.009,0
"692","Bryan Lavastida","sa3006917",22,3.397,2.221,5.6
"693","John Valente","sa3006923",26,0.711,-0.779,0
"694","Chase Calabuig","sa3006927",25,0.423,-1.067,0
"695","Ryan Anderson","sa3006933",25,0.083,-0.961,0
"696","Kaleo Johnson","sa3006935",24,0.193,-1.297,0.8
"697","Daniel Schneemann","sa3006936",24,0.47,-0.797,0.8
"698","Drew Avans","sa3006937",25,4.534,1.077,4.3
"699","Logan Brown","sa3006938",24,0,-1.045,0
"700","Jake Palomaki","sa3007003",25,0.688,-0.802,0.9
"701","Jeremy Eierman","sa3007005",24,0.79,-0.699,2.7
"702","Dillon Paulson","sa3007007",24,0.465,-1.025,0
"703","Hayden Senger","sa3007009",24,0.7,-0.79,1.5
"704","Josh Stowers","sa3007010",24,2.446,0.957,4.4
"705","Scott Kapers","sa3007013",24,0.319,-0.726,0.8
"706","Alfonso Rivas","sa3007014",24,3.637,0.181,1.5
"707","Jake McCarthy","sa3007015",23,5.128,2.516,10.3
"708","Michael Berglund","sa3007016",23,0.068,-0.889,0.6
"709","Nolan Gorman","sa3007017",21,4.257,1.779,5.5
"710","Xavier Edwards","sa3007018",21,3.698,2.209,3.6
"711","Frainyer Chavez","sa3007019",22,0.626,-0.419,0
"712","Kingston Liniak","sa3007020",21,0.66,-0.297,2.1
"713","Jarryd Dale","sa3007022",20,1.274,0.316,2.9
"714","Alex Hall","sa3007023",22,0.178,-0.779,0
"715","Chris Williams","sa3007028",24,0.526,-0.769,0
"716","Mason Berne","sa3007029",25,0,-0.957,0
"717","Frankie Tostado","sa3007030",23,1.439,-0.051,0.7
"718","Davis Bradshaw","sa3007031",23,0.157,-0.8,0
"719","Everson Pereira","sa3007034",20,3.866,2.873,11.7
"720","Angel Solarte","sa3007037",20,1.175,0.218,2.5
"721","Greyson Jenista","sa3007044",24,0.543,-0.947,0.7
"722","Jameson Hannah","sa3007046",23,0.762,-0.728,0.8
"723","Grant Witherspoon","sa3007047",24,0.305,-0.739,0
"724","Jawuan Harris","sa3007049",24,0.469,-0.576,1.8
"725","Mateo Gil","sa3007050",20,0.641,-0.316,1
"726","Niko Hulsizer","sa3007053",24,0.861,-0.364,1.4
"727","Andrew Moritz","sa3007054",24,0.139,-0.906,0
"728","Reece Hampton","sa3007055",24,1.014,-0.031,3.6
"729","Jayce Easley","sa3007057",21,2.786,1.829,12.9
"730","David Villar","sa3007063",24,1.605,0.115,3.9
"731","Brett Langhorne","sa3007064",25,0,-1.045,0
"732","Willie Joe Garry Jr.","sa3007065",21,0.816,-0.141,2.1
"733","Greg Cullen","sa3007069",24,1.547,0.057,2.3
"734","Justin Dean","sa3007070",24,2.177,0.687,6.7
"735","Nathan Eaton","sa3007074",24,0.781,-0.263,3.5
"736","Rusber Estrada","sa3007077",26,0,-1.045,0
"737","Jordan Qsar","sa3007078",25,0.805,-0.24,2.2
"738","Kekai Rios","sa3007282",24,0.078,-0.966,0
"739","Raynel Delgado","sa3007288",21,0.879,-0.166,0.8
"740","Brhet Bewley","sa3007289",24,0.108,-1.381,0
"741","Abdiel Layer","sa3007291",22,0,-0.957,0
"742","Luis Garcia","sa3007295",20,1.357,0.4,1.8
"743","Rixon Wingrove","sa3007298",21,0.324,-0.633,0.8
"744","DaShawn Keirsey","sa3007301",24,0.614,-0.431,1.6
"745","Fabian Pena","sa3007303",24,0.152,-0.805,0
"746","Brian Rey","sa3007307",23,2.119,0.725,3
"747","Gage Hughes","sa3007311",21,0.881,-0.076,1.8
"748","James Outman","sa3007312",24,1.201,0.045,1.9
"749","Edison Mora","sa3007315",20,0.359,-0.599,0
"750","Corbin Williams","sa3007324",23,0.709,-0.336,2.8
"751","Tyler Flores","sa3007335",25,0.044,-1.001,0
"752","Jonah Davis","sa3007501",23,0.719,-0.686,2.3
"753","Matt Kroon","sa3007502",24,1.25,-0.239,2.4
"754","Nick Dalesandro","sa3007503",24,1.055,0.01,5
"755","Ruben Cardenas","sa3007505",23,1.611,0.287,1.9
"756","Tyler Cropley","sa3007510",25,0.365,-1.124,0
"757","Max Schuemann","sa3007511",24,2.37,1.162,9.1
"758","Devin Foyle","sa3007515",24,0.66,-0.829,1
"759","Jonah Bride","sa3007516",25,1.758,0.269,5.4
"760","Logan O'Hoppe","sa3007519",21,2.508,1.463,4.4
"761","Nick Matera","sa3007528",24,1.924,0.434,1.4
"762","Patrick Dorrian","sa3007629",25,1.538,0.049,4.7
"763","Max Burt","sa3007631",24,0.394,-1.095,1
"764","D.J. Artis","sa3007632",24,1.546,0.338,2.9
"765","Brendt Citta","sa3007633",24,0.601,-0.888,0.7
"766","Triston Casas","sa3007634",21,4.32,2.83,6.3
"767","Jon Rosoff","sa3007635",26,0.121,-1.369,1.1
"768","Scott Schreiber","sa3007637",25,1.328,0.154,3.7
"769","Kyle Marinconz","sa3007638",25,0,-1.045,0
"770","Nick Schnell","sa3007639",21,1.014,0.057,1
"771","Nicholas Northcut","sa3007640",22,0.38,-0.577,0
"772","Terrin Vavra","sa3007643",24,2.066,0.576,2.7
"773","Clayton Daniel","sa3007646",26,0.134,-1.355,0.7
"774","Kyle Mottice","sa3007655",25,0.494,-0.995,1.1
"775","Jeremiah Jackson","sa3007740",21,0.897,-0.06,1.5
"776","Blaze Alexander","sa3007742",22,1.236,0.192,4.2
"777","Grant Lavigne","sa3007743",21,0.656,-0.316,1.1
"778","Brandon Howlett","sa3007745",21,1.969,0.924,3.1
"779","Logan Porter","sa3007750",25,0.467,-0.578,0.7
"780","Sean Roby","sa3007788",22,1.403,0.358,2.4
"781","Elih Marrero","sa3007822",24,1.205,0.16,2.1
"782","Connor Kaiser","sa3007823",24,0.283,-1.207,1.5
"783","Nick Meyer","sa3007826",24,0.302,-1.187,0.9
"784","Willie MacIver","sa3007828",24,0.89,-0.335,2.3
"785","Drevian Williams-Nelson","sa3007829",21,0.129,-0.915,0
"786","Cody Roberts","sa3007869",25,0.141,-0.903,0
"787","Connor Hollis","sa3007870",26,0.198,-0.846,0
"788","Jake Slaughter","sa3007871",24,0.23,-0.814,0
"789","Hunter Feduccia","sa3007872",24,1.009,-0.481,2.2
"790","Ryder Green","sa3007875",21,0.582,-0.376,1
"791","Brennen Davis","sa3007876",21,6.38,4.89,21.9
"792","Jack Herman","sa3007877",21,0.56,-0.42,1
"793","Tyler Durna","sa3007879",24,0.203,-0.841,0
"794","Parker Meadows","sa3007943",21,0.877,-0.168,0.9
"795","Will Banfield","sa3007973",21,0.343,-0.701,0
"796","Aldrich De Jongh","sa3007974",22,0.063,-0.894,0
"797","Ezequiel Pagan","sa3007975",20,0.897,-0.06,0
"798","Levi Jordan","sa3007976",25,0.667,-1.452,0.3
"799","Kody Clemens","sa3008002",25,4.02,0.564,2.5
"800","Alex McKenna","sa3008003",23,1.539,0.37,2.9
"801","Joe Gray Jr.","sa3008005",21,2.746,1.753,4.1
"802","Arbert Cipion","sa3008006",21,0.539,-0.418,1.8
"803","Onix Vega","sa3008007",22,0.357,-0.6,1.4
"804","Kyle Datres","sa3008029",25,0.383,-0.661,0
"805","AJ Graffanino","sa3008030",23,0.037,-1.008,0
"806","Grant Little","sa3008031",23,1.429,0.384,4.2
"807","Jordyn Adams","sa3008032",21,1.619,0.574,4.5
"808","Josh Breaux","sa3008051",23,0.717,-0.401,0.7
"809","Sam McWilliams","sa3008053",23,0.148,-0.809,0
"810","Madison Stokes","sa3008076",25,0.178,-1.311,0
"811","Tristan Pompey","sa3008077",24,0.585,-1.725,0.3
"812","Cody Farhat","sa3008078",24,0,-0.957,0
"813","Carlos Cortes","sa3008079",24,1.364,-0.126,3.1
"814","Connor Scott","sa3008080",21,2.692,1.647,3.7
"815","Cesar Salazar","sa3008107",25,1.382,0.132,2.5
"816","Osiris Johnson","sa3008110",20,0.152,-0.805,0
"817","Malcom Nunez","sa3008113",20,3.667,2.398,6.7
"818","Isaiah Pasteur","sa3008138",25,0.046,-0.999,0
"819","Cadyn Grenier","sa3008140",24,0.865,-0.625,3.8
"820","Deacon Liput","sa3008141",25,0.038,-1.007,0
"821","Xavier Valentin","sa3008144",20,1.717,0.76,6.9
"822","Matt Pita","sa3008146",24,2.245,0.756,5.2
"823","Grant Koch","sa3008180",24,0.124,-0.92,0
"824","Hunter Stovall","sa3008181",24,0.629,-0.415,0.8
"825","Michael Siani","sa3008182",21,1.815,0.771,3.9
"826","Cole Roederer","sa3008184",21,1.839,0.795,1.3
"827","Sean Guilbe","sa3008185",21,0.148,-0.809,0
"828","Juan Paulino","sa3008190",23,0,-0.957,0
"829","Korry Howell","sa3008238",22,2.254,1.21,2.4
"830","Ezequiel Tovar","sa3008239",19,3.312,2.34,5.7
"831","Beau Brundage","sa3008246",24,0.172,-0.785,0
"832","Bo Naylor","sa3008247",21,3.307,1.818,2.9
"833","Korey Holland","sa3008249",21,0.387,-0.57,1.3
"834","Charles Mack","sa3008250",21,0.965,0.008,2.5
"835","Jax Biggers","sa3008251",24,0.563,-0.927,0
"836","Luken Baker","sa3008267",24,2.578,1.088,2
"837","Eric Cole","sa3008268",24,0.169,-0.876,1.1
"838","Endy Rodriguez","sa3008272",21,0.717,-0.24,1
"839","Michael Helman","sa3008280",25,0.253,-0.791,0
"840","Andy Weber","sa3008282",23,0.119,-1.371,0
"841","Zack Kone","sa3008293",24,0,-0.957,0
"842","Brice Turang","sa3008294",21,4.133,2.312,5.9
"843","Jaylen Palmer","sa3008297",20,1.574,0.601,5.5
"844","Leonardo Seminati","sa3008298",22,0.262,-0.695,0
"845","Steele Walker","sa3008306",24,1.426,-0.46,0.9
"846","Edmond Americaan","sa3008341",24,0.099,-0.918,0
"847","Ronny Simon","sa3008365",21,0.996,0.039,2.4
"848","JJ Schwarz","sa3008391",25,0.133,-1.357,0
"849","Curtis Mead","sa3008392",20,3.846,2.85,8.5
"850","Andrew Shaps","sa3008430",25,0,-1.045,0
"851","Jean Ramirez","sa3008452",20,1.084,0.127,0.9
"852","Michael Stefanic","sa3008479",25,3.098,0.122,0.5
"853","Steven Kwan","sa3008536",23,3.475,1.985,5.8
"854","Nick Decker","sa3008590",21,0.968,0.01,2.4
"855","Victor Victor Mesa","sa3008602",24,0.551,-0.672,1.3
"856","Lester Madden","sa3008603",22,0.174,-0.87,0
"857","Gerson Molina","sa3008657",25,0.161,-0.883,0.6
"858","Diego Cartaya","sa3008742",19,5.073,4.116,19.4
"859","Misael Urbina","sa3008743",19,1.239,0.281,0.8
"860","Gabriel Rodriguez","sa3008744",19,0.612,-0.346,0
"861","Noelvi Marte","sa3008745",19,2.285,1.328,3.4
"862","Jose De La Cruz","sa3008747",19,0.317,-0.64,0
"863","Jose Rodriguez","sa3008753",19,0.524,-0.433,0
"864","Luis Matos","sa3008756",19,2.191,1.234,2.4
"865","Warming Bernabel","sa3008761",19,1.686,0.729,0
"866","Angel Martinez","sa3008762",19,1.714,0.757,0.9
"867","Luisangel Acuna","sa3008765",19,2.012,1.055,2.9
"868","Cristian Gonzalez","sa3008771",19,0.898,-0.059,0
"869","Yohander Martinez","sa3008775",19,1.436,0.479,0.9
"870","Jeferson Espinal","sa3008793",19,1.002,0.044,4.6
"871","Alex De Jesus","sa3008842",19,1.518,0.561,0
"872","Jose Ramos","sa3008845",20,0.604,-0.353,0.8
"873","Brayan Buelvas","sa3008868",19,1.661,0.704,1
"874","Euribiel Angeles","sa3008877",19,2.303,1.346,1.8
"875","Maikol Escotto","sa3008878",19,1.969,1.012,2.3
"876","Alexander Mojica","sa3008889",18,3.36,2.403,4.8
"877","Dariel Lopez","sa3008901",19,1.556,0.599,0
"878","Omar De Los Santos","sa3008938",21,0.146,-0.811,1.3
"879","Lazaro Leal","sa3008940",24,0.126,-0.919,0
"880","Wilber Sanchez","sa3008941",19,1.114,0.157,3.3
"881","Leodany Perez","sa3008956",21,0.801,-0.244,0.7
"882","Elly De La Cruz","sa3009289",19,2.999,2.042,5.4
"883","Roblin Heredia","sa3009341",18,0.595,-0.362,0
"884","Benyamin Bailey","sa3009343",19,0.797,-0.16,0
"885","Yohendrick Pinango","sa3009539",19,1.479,0.521,0
"886","Yorkislandy Alvarez","sa3009570",22,0.863,-0.094,0.8
"887","Angeudis Santos","sa3009794",19,1.194,0.237,0
"888","Sergio Campana","sa3009834",19,1.282,0.325,2.2
"889","Kenedy Corona","sa3009845",21,0.844,-0.113,0.7
"890","Evan Edwards","sa3009866",24,0.381,-0.663,0
"891","Joe Genord","sa3009867",24,0,-1.045,0
"892","Austin Shenton","sa3009869",23,2.131,1.016,2.9
"893","Matthew Acosta","sa3009870",23,0.145,-0.813,0
"894","Will Wilson","sa3009871",22,1.704,0.478,2.4
"895","Quin Cotton","sa3009872",23,0.485,-0.56,0
"896","Tanner Morris","sa3009873",23,0.475,-0.57,0
"897","J.D. Orr","sa3009875",24,0.713,-0.403,2.4
"898","Peyton Burdick","sa3009876",24,3.367,1.877,6.8
"899","Luke Ritter","sa3009878",24,1.045,0,1.5
"900","Will Robertson","sa3009879",23,0.311,-0.733,0
"901","Logan Driscoll","sa3009882",23,0.184,-0.773,0
"902","Cameron Eden","sa3009883",23,1.806,0.761,5.4
"903","Isaac Collins","sa3009884",23,1.304,0.279,2.1
"904","Ricky Martinez","sa3009885",23,0.29,-0.754,1.2
"905","Zach Ashford","sa3009886",24,0.124,-0.899,0
"906","Jack Yalowitz","sa3009887",24,0,-0.957,0
"907","Nic Gaddis","sa3009888",24,0.582,-0.375,1
"908","Joseph Ortiz","sa3009889",22,2.113,0.877,4.3
"909","Patrick Frick","sa3009891",24,0.769,-0.375,0.5
"910","Nic Ready","sa3009892",24,0,-1.045,0
"911","Luis Trevino","sa3009893",25,0.071,-0.973,0
"912","Joe Aeilts","sa3009895",23,0.064,-0.893,0
"913","Trent Tingelstad","sa3009896",23,0.03,-0.927,0
"914","Aaron Schunk","sa3009957",23,0.055,-0.99,0
"915","Brenton Doyle","sa3009965",23,0.82,-0.225,0
"916","Garrett Hiott","sa3009972",23,0.496,-0.461,2.1
"917","Tyler Wyatt","sa3010006",24,0.078,-0.879,0
"918","Carter Aldrete","sa3010008",23,0.514,-0.531,0.7
"919","Jake Alu","sa3010009",24,0.993,-0.283,0.4
"920","Brandon White","sa3010011",23,0,-1.045,0
"921","Ivan Gonzalez","sa3010014",24,0,-0.957,0
"922","Tyler Osik","sa3010017",24,0.054,-0.991,0
"923","Aaron Bracho","sa3010018",20,1.393,0.349,0.7
"924","Javeyan Williams","sa3010019",24,0,-1.045,0
"925","Jordan Cannon","sa3010020",24,0,-0.957,0
"926","Kody Hoese","sa3010021",23,0.178,-1.312,0
"927","Marco Luciano","sa3010022",19,4.811,3.837,15
"928","Jairo Pomares","sa3010023",20,2.758,1.801,9.5
"929","Bryan Ramos","sa3010024",19,2.365,1.408,2.6
"930","Joe Naranjo","sa3010025",20,1.098,0.053,2
"931","Christian Cairo","sa3010028",20,2.071,1.114,0.9
"932","Jack Dunn","sa3010029",24,0.241,-0.804,1
"933","Julian Escobedo","sa3010030",23,0.093,-0.908,0
"934","Will Bartlett","sa3010032",20,1.28,0.323,1.8
"935","Jake Randa","sa3010033",22,0,-0.957,0
"936","Korey Lee","sa3010034",22,2.202,0.89,2.5
"937","Brandon Lewis","sa3010035",22,1.481,0.483,3.1
"938","J.T. Arruda","sa3010036",23,0.247,-0.75,0.8
"939","Yordys Valdes","sa3010037",19,0.891,-0.067,1
"940","James Beard","sa3010038",20,0.536,-0.421,1.5
"941","Will Brennan","sa3010039",23,1.734,0.598,6
"942","Harrison Freed","sa3010041",23,0.04,-0.918,0
"943","DJ Gladney","sa3010043",19,0.579,-0.378,0
"944","Wendell Marrero","sa3010044",20,0.468,-0.489,0
"945","Andrew Pratt","sa3010045",24,0.06,-0.985,0
"946","Gavin Jones","sa3010049",22,0.056,-0.901,0
"947","Nolan Dempsey","sa3010050",24,0,-1.045,0
"948","Cody Grosse","sa3010052",24,0,-1.045,0
"949","Matthew Barefoot","sa3010145",23,1.106,-0.001,3.4
"950","AJ Lee","sa3010146",24,0,-1.045,0
"951","Michael Amditis","sa3010148",23,0.335,-0.709,0.7
"952","Luke Bandy","sa3010149",23,0,-1.045,0
"953","Greg Jones","sa3010151",23,2.029,0.985,4
"954","CJ Abrams","sa3010152",20,4.756,3.266,11
"955","Cody Freeman","sa3010153",20,1.103,0.146,0
"956","Darryl Collins","sa3010154",19,2.734,1.777,4.8
"957","Omar Hernandez","sa3010155",19,1.388,0.431,0
"958","Daniel Cope","sa3010157",24,0.257,-0.787,0.9
"959","Jaxx Groshans","sa3010160",22,0.767,-0.217,1.6
"960","Chris Givin","sa3010161",24,0.179,-1.024,0
"961","Joshua Mears","sa3010162",20,1.912,0.955,3.9
"962","Jimmy Govern","sa3010166",24,0.264,-0.937,0.8
"963","Ike Freeman","sa3010167",23,0.111,-1.378,0
"964","Blaine Crim","sa3010170",24,0.741,-0.383,0.9
"965","Alex Erro","sa3010177",23,0.103,-0.854,0.9
"966","Ethan Skender","sa3010268",24,0.197,-0.847,0
"967","Blake Sabol","sa3010269",23,0.869,-0.151,0.8
"968","Jack Stronach","sa3010271",23,0,-0.957,0
"969","Jared Triolo","sa3010272",23,1.359,0.315,3
"970","Wil Dalton","sa3010273",23,0.092,-0.916,0
"971","Kellen Strahm","sa3010278",24,0.294,-0.751,0
"972","Dustin Harris","sa3010279",21,2.227,1.254,2.5
"973","Jake Hoover","sa3010280",23,0.28,-1.21,0
"974","Daniel Millwee","sa3010281",25,0.06,-0.897,0
"975","Grae Kessinger","sa3010327",23,1.956,0.466,3.5
"976","C.J. Stubbs","sa3010328",24,0.043,-1.154,0
"977","Shea Langeliers","sa3010329",23,2.977,1.487,4.9
"978","Brady McConnell","sa3010331",23,0,-0.957,0
"979","Braden Shewmake","sa3010332",23,1.552,0.062,4
"980","Ashton McGee","sa3010334",22,0.788,-0.17,1.8
"981","Glenallen Hill Jr.","sa3010335",20,1.057,0.1,4.2
"982","Trevor Boone","sa3010336",23,0,-0.957,0
"983","Tyler Tolbert","sa3010337",23,1.542,0.585,7.3
"984","Pedro Pages","sa3010339",22,0.836,-0.208,0.9
"985","Jackson Cluff","sa3010342",24,0.297,-1.192,0
"986","Grayson Byrd","sa3010387",25,0.019,-1.336,0
"987","Nelson Maldonado","sa3010389",24,1.582,0.093,2.3
"988","Nick Quintana","sa3010390",23,0.096,-0.861,0.8
"989","Michael Toglia","sa3010393",22,2.165,1.041,6.4
"990","Jacob Olson","sa3010394",24,0.571,-1.395,0
"991","Darius Hill","sa3010395",23,0.741,-0.749,0.7
"992","Tyler Malone","sa3010398",23,0.463,-0.582,0
"993","Matt Gorski","sa3010399",23,0.529,-0.516,2.2
"994","Andre Lipcius","sa3010401",23,1.299,-0.079,3.1
"995","Bryce Windham","sa3010403",24,0.238,-0.806,0
"996","McCarthy Tatum","sa3010582",25,0.098,-1.269,0
"997","Cooper Johnson","sa3010584",23,0.181,-0.825,0
"998","Jake Sanford","sa3010585",23,0.166,-0.821,0
"999","Spencer Steer","sa3010586",23,2.574,1.321,4.1
"1000","Ryan Kreidler","sa3010587",23,1.298,-0.191,1
"1001","Bryant Packard","sa3010590",23,0.305,-0.739,0
"1002","Hunter Hearn","sa3010591",24,0.162,-0.883,0.7
"1003","Nate Fassnacht","sa3010594",23,0.147,-0.898,0
"1004","Oliver Dunn","sa3010595",23,0.95,-0.287,1.7
"1005","Corey Joyce","sa3010596",22,1.76,0.716,8.7
"1006","Victor Torres","sa3010597",20,0.508,-0.449,0
"1007","Jake Holton","sa3010599",23,0.304,-0.653,0
"1008","Rudy Rott","sa3010600",24,0.058,-0.986,0
"1009","Hunter Markwardt","sa3010602",23,0.634,-0.411,1.8
"1010","Joe Davis","sa3010635",24,0.328,-0.659,0.3
"1011","Garrett Frechette","sa3010636",20,0.293,-0.664,0.7
"1012","Brandon Wulff","sa3010637",24,0,-0.957,0
"1013","Lorenzo Hampton","sa3010678",23,1.281,-0.209,6.3
"1014","Herbert Iser","sa3010679",23,0.072,-0.973,0
"1015","Michael Harris II","sa3010684",20,3.004,1.96,4.7
"1016","Mason Janvrin","sa3010685",23,0.176,-0.782,0
"1017","Kerry Carpenter","sa3010689",23,1.125,-0.365,2.4
"1018","Andrew Martinez","sa3010691",24,0.297,-0.697,0
"1019","Orelvis Martinez","sa3010692",19,4.3,3.326,16.3
"1020","Riley Greene","sa3010694",20,6.138,4.648,15.3
"1021","Nasim Nunez","sa3010695",20,1.923,0.966,5.9
"1022","Colin Barber","sa3010696",20,4.283,3.239,7.2
"1023","Victor Mesa Jr.","sa3010700",19,1.473,0.516,0
"1024","Cade Bunnell","sa3010702",24,0.139,-0.818,0
"1025","Andrew Navigato","sa3010703",23,0.427,-0.588,1.5
"1026","Sammy Siani","sa3010704",20,2.534,1.577,2.8
"1027","Keoni Cavaco","sa3010706",20,0.236,-0.721,0
"1028","Kyle Schmidt","sa3010707",23,0.154,-0.839,0
"1029","Sal Gozzo","sa3010708",23,1.407,-2.05,2.5
"1030","Andres Alvarez","sa3010710",24,1.688,0.644,3.9
"1031","Vaughn Grissom","sa3010711",20,2.905,1.948,5.1
"1032","Vito Friscia","sa3010712",24,0.207,-0.837,0
"1033","Luis Guerrero","sa3010713",22,0.508,-0.536,0.8
"1034","Keaton Greenwalt","sa3010714",23,0,-1.045,0
"1035","Stephen Paolini","sa3010720",20,0.296,-0.662,0
"1036","Cam Coursey","sa3010721",22,1.434,0.39,2.3
"1037","Patrick Romeri","sa3010723",20,0.765,-0.192,0
"1038","Spencer Brown","sa3010724",21,0.271,-0.686,0
"1039","Nick Conti","sa3010844",24,0.629,-0.861,1.4
"1040","Chase Strumpf","sa3010845",23,1.38,-0.016,2.1
"1041","Maverick Handley","sa3010848",23,0.526,-0.518,1.7
"1042","Ryan Reynolds","sa3010849",23,0.095,-0.9,0
"1043","Jeremy Ydens","sa3010852",23,0.225,-0.766,0.8
"1044","Branden Fryman","sa3010853",23,0,-0.957,0
"1045","Trevor Kehe","sa3010856",24,0.079,-0.903,0
"1046","Kevin Strohschein","sa3010859",23,0,-0.957,0
"1047","Francisco Alvarez","sa3010862",19,4.699,3.672,16.4
"1048","Anthony Volpe","sa3010868",20,5.017,4.028,13.6
"1049","Brett Baty","sa3010869",21,3.44,2.216,6.9
"1050","Daniel Mateo","sa3010886",19,2.248,1.291,7.5
"1051","Chad Bell","sa3010888",24,1.1,0.093,1.4
"1052","Hudson Head","sa3010889",20,2.374,1.417,3.6
"1053","Shayne Fontana","sa3010897",24,0.736,-0.309,0
"1054","Junior Martina","sa3010898",23,0.113,-0.844,0
"1055","Troy Johnston","sa3010899",24,1.243,0.219,2.4
"1056","Dominic D'Alessandro","sa3010900",24,0,-1.045,0
"1057","Zade Richardson","sa3010901",21,1.638,0.594,4
"1058","Javier Valdes","sa3010902",22,0.047,-0.911,0
"1059","Micah Yonamine","sa3010905",20,1.351,0.394,4
"1060","Aaron Antonini","sa3010906",22,2.051,0.686,3.9
"1061","Garrett Saunders","sa3010909",24,0.099,-0.946,0
"1062","LT Struble","sa3010910",24,0.09,-0.954,0
"1063","Allan Berrios","sa3011153",23,0.047,-0.911,0
"1064","James Free","sa3011156",23,0.477,-0.568,0
"1065","Will Holland","sa3011204",23,0.271,-0.686,0
"1066","Justin Washington","sa3011205",24,0.172,-0.785,0
"1067","Antoine Duplantis","sa3011224",24,0.043,-1.001,0
"1068","Bobby Witt Jr.","sa3011225",21,6.321,4.184,16.6
"1069","Christian Koss","sa3011227",23,0.21,-0.834,0.7
"1070","Thomas Rowan","sa3011253",25,0,-0.957,0
"1071","Jake Mangum","sa3011255",25,1.206,-0.283,2.8
"1072","Drew Mendoza","sa3011256",23,0.633,-0.573,1.4
"1073","Tyler Fitzgerald","sa3011257",23,1.224,0.18,1.8
"1074","Zach Watson","sa3011258",24,0.788,-0.391,1.1
"1075","Logan Wyatt","sa3011259",23,0.791,-0.254,1.2
"1076","Kervin Pichardo","sa3011260",19,2.967,2.01,5.2
"1077","Jake Guenther","sa3011263",24,0.311,-0.734,0.6
"1078","Bryan Arias","sa3011265",24,0.261,-0.735,0
"1079","Jase Bowen","sa3011267",20,2.261,1.304,6
"1080","Jake Washer","sa3011306",25,0,-1.045,0
"1081","Thomas Dillard","sa3011308",23,1.687,0.642,4.1
"1082","Darell Hernaiz","sa3011309",19,1.684,0.727,0
"1083","Christopher Burgess","sa3011310",24,0.088,-0.957,0.7
"1084","Dustin Skelton","sa3011327",23,0.04,-1.004,0
"1085","Jeremy De La Rosa","sa3011329",19,0.886,-0.071,0
"1086","Darrien Miller","sa3011330",20,1.704,0.747,1.8
"1087","Cameron Barstad","sa3011350",20,0.088,-0.87,0
"1088","Philip Clarke","sa3011379",23,0.167,-0.878,0
"1089","Jimmy Kerr","sa3011380",24,0.045,-0.94,0
"1090","Connor Blair","sa3011382",23,0.084,-0.874,0
"1091","Cole MacLaren","sa3011402",24,1.227,-0.263,0.9
"1092","Jose Bonilla","sa3011404",19,0.605,-0.352,2.2
"1093","Warren Saunders","sa3011405",22,0.004,-0.954,0
"1094","Andrew Daschbach","sa3011414",23,0.379,-0.666,0
"1095","Ethan Paul","sa3011423",24,1.669,-1.787,1.8
"1096","Bryson Stott","sa3011443",23,2.228,0.851,3
"1097","Cameron Cannon","sa3011467",23,0.593,-0.451,2
"1098","Josh Jung","sa3011468",23,2.936,1.447,3.9
"1099","Stephen Scott","sa3011469",24,0.43,-0.548,1
"1100","Yolbert Sanchez","sa3011471",24,0.785,-0.399,0.6
"1101","Gunnar Henderson","sa3011484",20,2.873,1.865,6
"1102","T.J. Schofield-Sam","sa3011501",20,0.612,-0.345,0
"1103","Ethan Hearn","sa3011502",20,0,-0.957,0
"1104","Michael Busch","sa3011540",23,2.18,0.69,3.3
"1105","Luke Berryhill","sa3011587",23,0.996,0.007,1.8
"1106","Andre Nnebe","sa3011588",23,0.043,-0.914,0
"1107","Jasiah Dixon","sa3011590",19,1.656,0.699,2.5
"1108","Chase Krogman","sa3011615",20,0.528,-0.429,0
"1109","Tyler Reichenborn","sa3011628",22,1.107,0.063,1.5
"1110","Jadiel Sanchez","sa3011629",20,1.76,0.803,2.2
"1111","JJ Bleday","sa3011642",23,1.275,-0.214,2.3
"1112","Adley Rutschman","sa3011643",23,4.137,2.648,5.7
"1113","Jonny Deluca","sa3011644",22,1.659,0.676,2.7
"1114","Kameron Misner","sa3011656",23,1.504,0.46,4.1
"1115","Justin Ammons","sa3011664",23,0.09,-0.867,0
"1116","Pat DeMarco","sa3011702",23,0.107,-0.877,0.2
"1117","Josh H. Smith","sa3011703",23,2.517,1.497,6
"1118","Dasan Brown","sa3011717",19,1.384,0.427,1.8
"1119","Jordan Brewer","sa3011737",23,0.053,-0.904,0
"1120","Kyren Paris","sa3011768",19,3.567,2.61,10
"1121","Eric Jones","sa3011883",25,0,-0.957,0
"1122","Davis Wendzel","sa3011890",24,1.111,-0.379,2.1
"1123","Gabe Holt","sa3011899",23,0.542,-0.415,0
"1124","Trei Cruz","sa3014420",22,0.691,-0.308,0.5
"1125","Baron Radcliff","sa3014424",22,0.754,-0.203,0
"1126","Hayden Cantrelle","sa3014426",22,1.924,0.88,2
"1127","Alika Williams","sa3014427",22,0.026,-0.931,0
"1128","David Hamilton","sa3014434",23,2.154,1.02,5.9
"1129","Garrett Mitchell","sa3014438",22,2.789,1.52,7.5
"1130","Austin Wells","sa3014440",21,2.444,1.47,3.8
"1131","Gage Workman","sa3014441",21,1.424,0.427,3.5
"1132","Patrick Bailey","sa3014442",22,0.273,-0.736,1.1
"1133","Edouard Julien","sa3014445",22,1.901,0.9,4.1
"1134","Trevor Hauver","sa3014448",22,1.635,0.659,6.1
"1135","Hudson Haskin","sa3014449",22,0.758,-0.224,2
"1136","Daniel Cabrera","sa3014452",22,0.845,-0.2,0
"1137","Austin Martin","sa3014454",22,4.2,2.711,0.6
"1138","Petey Halpin","sa3014461",19,2.118,1.161,1.6
"1139","Jordan Walker","sa3014464",19,4.353,3.346,11.7
"1140","Alec Burleson","sa3014466",22,2.878,1.015,3.6
"1141","Carson Taylor","sa3014468",22,1.691,0.646,2.9
"1142","Anthony Servideo","sa3014472",22,0.423,-0.534,0
"1143","Jake Vogel","sa3014473",19,1.489,0.531,1.7
"1144","Colt Keith","sa3014474",19,2.033,1.076,2.9
"1145","Drew Millas","sa3014475",23,0.867,-0.177,0
"1146","Casey Schmitt","sa3014484",22,0.563,-0.395,0
"1147","Tyler Gentry","sa3014485",22,2.998,1.954,3.9
"1148","Tyler Soderstrom","sa3014489",19,5.387,4.43,19
"1149","Evan Carter","sa3014490",18,4.826,3.869,13.9
"1150","Aaron Sabato","sa3014494",22,0.199,-0.758,0
"1151","Kaden Polcovich","sa3014496",22,2.307,1.17,2.9
"1152","Tyler Keenan","sa3014497",22,0.739,-0.306,2.9
"1153","Jordan Westburg","sa3014499",22,1.6,0.577,2.7
"1154","Freddy Zamora","sa3014500",22,0.316,-0.641,0.9
"1155","Thomas Saggese","sa3014503",19,4.076,3.119,12.9
"1156","Spencer Torkelson","sa3014504",21,5.275,3.963,12.6
"1157","Masyn Winn","sa3014506",19,2.422,1.445,2.9
"1158","Nick Gonzales","sa3014510",22,1.72,0.676,0.7
"1159","Nick Loftin","sa3014511",22,1.432,0.387,2.4
"1160","Zac Veen","sa3014516",19,3.562,2.605,10.2
"1161","Austin Hendrick","sa3014521",20,1.542,0.585,2.3
"1162","Drew Romo","sa3014522",19,2.435,1.478,4.1
"1163","Casey Martin","sa3014524",22,0.124,-0.863,0
"1164","A.J. Vukovich","sa3014525",19,1.452,0.479,0.2
"1165","Justin Foscue","sa3014527",22,3.631,2.586,11.4
"1166","Dillon Dingler","sa3014528",22,2.186,0.913,5.5
"1167","Jordan Nwogu","sa3014530",22,0.102,-0.855,0
"1168","Joey Wiemer","sa3014531",22,1.579,0.61,2.9
"1169","Jesse Franklin V","sa3014532",22,2.007,0.963,3.3
"1170","Ed Howard","sa3014540",19,0.655,-0.302,0
"1171","Nick Yorke","sa3014546",19,5.201,4.243,12.2
"1172","Zach DeLoach","sa3014547",22,2.424,1.252,3.7
"1173","Jimmy Glowenke","sa3014548",22,0.155,-0.802,0
"1174","Zavier Warren","sa3014549",22,1.207,0.234,1.3
"1175","Kevin Made","sa3014679",18,1.212,0.255,0
"1176","Michel Triana","sa3014681",21,0.155,-0.802,0
"1177","Alex Ramirez","sa3014695",18,1.897,0.94,1.7
"1178","Jasson Dominguez","sa3014696",18,1.107,0.15,0.8
"1179","Robert Puason","sa3014697",18,0.902,-0.055,1.1
"1180","Robert Hassell III","sa3014701",19,3.596,2.638,10.9
"1181","Harrison Ray","sa3014815",23,0.219,-0.738,0
"1182","Duke Ellis","sa3014816",23,0.271,-0.773,1.7
"1183","Justin Lavey","sa3014817",23,0.158,-0.823,0
"1184","Norel Gonzalez","sa3014819",27,1.034,-0.455,0.6
"1185","Jacob Hurtubise","sa3014820",23,2.188,1.144,7.1
"1186","Zach Britton","sa3014821",22,0.21,-0.747,0
"1187","Michael Guldberg","sa3014822",22,2.008,0.963,2.7
"1188","J.C. Correa","sa3014823",22,1.248,0.266,2.1
"1189","MacKenzie Mueller","sa3014824",23,0.062,-0.895,0
"1190","Jack Blomgren","sa3014825",22,2.244,1.2,2.4
"1191","Scott McKeon","sa3014826",23,0.186,-0.859,1
"1192","Elijah Dunham","sa3014827",23,1.705,0.696,4.7
"1193","Jake Suddleson","sa3014828",23,1.528,0.188,1
"1194","Patrick McColl","sa3014829",24,0.37,-0.674,0.8
"1195","Micah Pries","sa3014830",23,0.514,-0.487,2.2
"1196","Brett Rodriguez","sa3014831",23,0.197,-0.76,1.2
"1197","Matt Scheffler","sa3014832",23,0.306,-0.673,0.8
"1198","Matt Chamberlain","sa3014833",22,0.819,-0.225,1.6
"1199","Matt Koperniak","sa3014834",23,0.497,-0.559,1.4
"1200","Zach Cornell","sa3014835",23,0.05,-0.907,0
"1201","Elijah Greene","sa3014836",23,0.112,-0.845,0
"1202","Sheng-Ping Chen","sa3014837",20,0.355,-0.602,0.7
"1203","Pedro Leon","sa3014838",23,2.836,1.346,8.5
"1204","L.J. Jones","sa3014840",22,0.229,-0.728,0
"1205","Landon Dieterich","sa3014841",23,0.071,-0.886,0.6
"1206","Matthew Schmidt","sa3014877",24,0,-0.957,0
"1207","Noah Campbell","sa3014878",22,0.479,-0.478,1.2
"1208","Cam Shepherd","sa3014879",23,0.099,-0.858,0.9
"1209","Ty Duvall","sa3014880",23,0.048,-0.909,0
"1210","Jake Boone","sa3014881",22,0.048,-0.909,0
"1211","Sahid Valenzuela","sa3014882",23,0.09,-0.867,0.8
"1212","Matt Dyer","sa3014883",22,0.848,-0.109,0
"1213","Landon Stephens","sa3014884",23,0.116,-0.841,0
"1214","William Simoneit","sa3014885",24,0.217,-0.828,0
"1215","J.D. Mundy","sa3014886",23,1.613,0.593,3.8
"1216","Dylan Harris","sa3014888",24,0.069,-0.93,0
"1217","Gus Steiger","sa3014889",22,0.126,-0.831,0
"1218","Anthony Walters","sa3014890",23,0.1,-0.901,0
"1219","Bryson Horne","sa3014891",22,0.095,-0.862,0
"1220","Cody Orr","sa3014892",22,0.349,-0.695,0
"1221","Kale Emshoff","sa3014934",23,0.091,-0.866,0
"1222","Zach Daniels","sa3014935",22,0.235,-0.749,0.3
"1223","Jared McDonald","sa3014936",24,0.039,-1.006,0
"1224","Tucker Bradley","sa3014937",23,0.867,-0.177,2.6
"1225","Adam Kerner","sa3014938",22,0.288,-0.757,0
"1226","Robert Emery","sa3014940",24,0.45,-0.595,0
"1227","Brett Auerbach","sa3014941",22,1.753,0.753,3.4
"1228","Brady Lindsly","sa3014942",23,0.244,-0.801,0
"1229","Danny Oriente","sa3014943",23,0.11,-0.847,1
"1230","Francisco Urbaez","sa3014944",23,1.301,0.256,1.5
"1231","Zack Mathis","sa3014945",22,0.532,-0.456,0.2
"1232","Elian Miranda","sa3014947",22,0.086,-0.871,0
"1233","Shay Whitcomb","sa3014948",22,1.365,0.367,3.2
"1234","Paul Witt","sa3014949",23,0.065,-0.892,0
"1235","Cooper Uhl","sa3014985",23,0.097,-0.86,0.8
"1236","Justin Dirden","sa3014986",23,0.875,-0.098,1.9
"1237","Jacob Buchberger","sa3014987",23,0.076,-0.881,0
"1238","AJ Gill","sa3014988",23,0.058,-0.951,0
"1239","AJ Lewis","sa3015014",23,0.437,-0.607,0
"1240","Alex McGarry","sa3015015",23,0.145,-0.899,0
"1241","David Martinez","sa3015016",24,0.034,-1.011,0
"1242","Jake MacKenzie","sa3015017",22,0.672,-0.32,0.7
"1243","Nick Raposo","sa3015018",23,0.952,-0.537,0
"1244","Brandon Bossard","sa3015050",24,0,-0.957,0
"1245","Matt Mervis","sa3015051",23,0,-0.957,0
"1246","Jacob Wetzel","sa3015057",21,0.894,-0.063,2
"1247","Victor Labrada","sa3015062",21,0.984,-0.004,3.7
"1248","Tommy Jew","sa3015071",23,0,-0.957,0
"1249","Brandon McIlwain","sa3015076",23,0.037,-0.92,0
"1250","Aaron Palensky","sa3015077",22,2.603,1.113,1.6
"1251","Jackson Coutts","sa3015081",22,0,-0.957,0
"1252","Joe Donovan","sa3015088",22,0.723,-0.321,1.3
"1253","Zac Cook","sa3015090",23,0.599,-0.394,1.2
"1254","Bradlee Beesley","sa3015097",23,1.404,0.359,3.4
"1255","Joe Suozzi","sa3015106",23,0.548,-0.409,2.4
"1256","TT Bowens","sa3015107",23,0,-0.957,0
"1257","Nick Anderson","sa3015115",24,0.151,-0.807,0
"1258","Yhoswar Garcia","sa3015117",19,1.443,0.486,2.9
"1259","Carter Williams","sa3015126",23,0,-0.957,0
"1260","Alejandro Osuna","sa3015127",18,2.812,1.855,8.2
"1261","Yoelqui Cespedes","sa3015137",23,1.467,0.422,4.9
"1262","Matt Warkentin","sa3015139",24,0.071,-0.886,0
"1263","Deyvison De Los Santos","sa3015168",18,1.982,1.025,0.8
"1264","Saul Garza","sa3015225",23,0.251,-0.706,0
"1265","Carlos Pelegrin","sa3015238",21,0.069,-0.888,0
"1266","Felix Reyes","sa3015688",20,0.677,-0.28,0.7
"1267","Spencer Packard","sa3016803",23,0.314,-0.643,0.7
"1268","Colin Davis","sa3016806",22,1.271,0.314,1
"1269","Kenyon Yovan","sa3016839",23,0.204,-0.841,0
"1270","Paxton Wallace","sa3016840",22,0.352,-0.605,0.9
"1271","Tanner Allen","sa3016854",23,0,-0.957,0
"1272","Cade Cabbiness","sa3016855",23,0.055,-0.902,0
"1273","Steven Rivas","sa3016857",22,0.365,-0.68,0.8
"1274","James Parker","sa3016859",21,1.082,0.125,1.6
"1275","Carson Matthews","sa3016873",21,0.688,-0.269,3.7
"1276","Mack Chambers","sa3016919",21,0.399,-0.558,0
"1277","Gabe Matthews","sa3016920",23,0.296,-0.661,0
"1278","Mike Antico","sa3016922",23,0.83,-0.127,1.1
"1279","Ryan Bliss","sa3016951",21,0.281,-0.677,0
"1280","Adrian Del Castillo","sa3016957",21,0.107,-0.85,0
"1281","Caleb Roberts","sa3016959",21,0.804,-0.153,0
"1282","Corey Rosier","sa3016961",21,3.508,2.551,11.3
"1283","Cooper Bowman","sa3016966",21,1.407,0.45,1.8
"1284","Austin Murr","sa3016967",22,1.085,0.128,2
"1285","Tim Tawa","sa3016970",22,0.175,-0.782,1.4
"1286","Ben Malgeri","sa3016975",21,1.249,0.292,1.1
"1287","Benjamin Cowles","sa3016976",21,0.86,-0.097,2.6
"1288","Ryan Holgate","sa3016998",21,0.283,-0.674,0
"1289","Thomas Francisco","sa3016999",22,1.562,0.605,4.7
"1290","Sal Frelick","sa3017047",21,2.194,1.237,4.2
"1291","Michael Sandle","sa3017048",22,0.099,-0.858,0
"1292","Justyn-Henry Malloy","sa3017073",21,1.601,0.644,5.3
"1293","Christian Robinson","sa3017074",21,0.041,-0.916,0
"1294","Justin Williams","sa3017076",21,0.397,-0.56,0
"1295","Cal Conley","sa3017080",21,0.534,-0.423,1.3
"1296","Bennett Hostetler","sa3017120",23,0.062,-0.895,0
"1297","Cody Morissette","sa3017158",21,0.116,-0.841,0
"1298","Quincy Hamilton","sa3017215",23,0.593,-0.364,2.1
"1299","Zack Gelof","sa3017286",21,0.583,-0.374,1.5
"1300","Martin Cervenka","sa492636",28,2.99,-0.466,3.1
"1301","Aderlin Rodriguez","sa511026",29,4.921,1.465,7.6
"1302","Sebastian Elizalde","sa544568",29,3.318,-0.138,7.3
"1303","Rodrigo Vigil","sa547818",28,0.027,-1.463,0
"1304","Matt Lipka","sa548175",29,5.174,1.717,6.5
"1305","Roberto Pena","sa548359",29,2.315,-1.142,0
"1306","Henry Ramos","sa548440",29,4.126,0.67,2.9
"1307","Damek Tomscha","sa550391",29,3.205,-0.251,1
"1308","Wilson Garcia","sa596287",27,0.082,-1.408,0
"1309","Esteban Quiroz","sa596560",29,5.651,2.195,5.7
"1310","Jecksson Flores","sa597007",27,1.547,-1.04,1.4
"1311","Hamlet Marte","sa597218",27,1.474,-1.983,0.7
"1312","Jack Lopez","sa598270",28,2.897,-0.56,0
"1313","Drew Stankiewicz","sa599531",28,3.411,-0.045,0
"1314","Christian Lopes","sa601044",28,2.953,-0.503,2.4
"1315","David Masters","sa602586",28,0.274,-1.215,0
"1316","Joey Meneses","sa604598",29,1.253,-0.705,0
"1317","Osvaldo Abreu","sa657398",27,0,-1.49,0
"1318","Malquin Canelo","sa657479",26,0,-1.49,0
"1319","Angelo Castellano","sa657521",26,1.387,-2.07,0
"1320","Santiago Chavez","sa657706",25,0.635,-2.093,0
"1321","Mitch Nay","sa657873",27,0.612,-0.878,0
"1322","Clint Coulter","sa657922",27,2.636,-0.821,1.5
"1323","Joe DeCarlo","sa657935",27,0.538,-1.788,0.3
"1324","BJ Boyd","sa657987",27,1.137,-0.353,1.1
"1325","Connor Lien","sa658195",27,0.066,-1.424,0
"1326","Erick Castillo","sa658211",28,1.264,-1.257,0.4
"1327","Ryan Ripken","sa658502",27,0.908,-2.548,0
"1328","Tate Matheny","sa658567",27,2.189,-0.566,3.7
"1329","Jameson Fisher","sa658576",27,0.204,-1.285,0
"1330","Rhett Wiseman","sa658608",27,0,-1.49,0
"1331","C.J. Hinojosa","sa658616",26,1.781,-1.675,1.5
"1332","Josh Lester","sa658811",26,0.753,-0.736,0
"1333","Trent Giambrone","sa658813",27,0.922,-2.535,0
"1334","Vance Vizcaino","sa658828",26,1.775,-0.973,1.7
"1335","Tyler Krieger","sa658994",27,1.118,-2.338,0.8
"1336","Zach Remillard","sa659077",27,3.53,0.476,4.4
"1337","Elier Hernandez","sa659238",26,1.669,-1.359,0.9
"1338","Nick Lovullo","sa659264",27,0.236,-1.253,0
"1339","David Thompson","sa659290",27,5.146,1.69,8.6
"1340","Galli Cribbs Jr.","sa708444",28,0.339,-1.15,0.8
"1341","David Rodriguez","sa735825",25,0.714,-0.776,0.6
"1342","Jose Azocar","sa735839",25,1.964,0.216,3.5
"1343","Grenny Cumana","sa735846",25,0.273,-1.217,0
"1344","Rayder Ascanio","sa735861",25,3.388,-0.069,0.8
"1345","Jhonny Pereda","sa735866",25,0.681,-1.315,0
"1346","Johan Cruz","sa736621",25,0,-1.045,0
"1347","Ray-Patrick Didder","sa736824",26,0.443,-1.047,0
"1348","Michael De La Cruz","sa736830",28,0.055,-1.434,0
"1349","Aldrem Corredor","sa736852",25,0.25,-1.239,0
"1350","Luis Gonzalez","sa736875",26,0,-1.045,0
"1351","Jhon Nunez","sa736923",26,0.511,-0.979,1.1
"1352","Luis Alejandro Basabe","sa736924",24,0.268,-1.222,0.9
"1353","Jose Siri","sa736940",25,3.91,0.453,3.6
"1354","Michael Beltre","sa736945",25,3.05,1.561,5.9
"1355","Luis Castro","sa736954",25,0.311,-1.179,0.7
"1356","Ibandel Isabel","sa737017",26,0.026,-1.464,0
"1357","Luis Liberato","sa737020",25,2.025,-1.432,0.8
"1358","Riley Unroe","sa737614",25,0.198,-1.292,0.7
"1359","Gosuke Katoh","sa737619",26,2.229,-1.228,0.7
"1360","Ben DeLuzio","sa737626",26,2.627,-0.83,1.5
"1361","Thomas Milone","sa737640",26,2.604,0.157,3.1
"1362","Drew Ward","sa737690",26,0,-1.49,0
"1363","Jamie Westbrook","sa737824",26,3.57,0.724,4.1
"1364","Heath Quinn","sa737904",26,0.237,-0.808,0
"1365","Xavier Fernandez","sa737922",25,0.929,-0.561,1.6
"1366","Edwin Diaz","sa738152",25,0.932,-1.391,0.8
"1367","Ryan Boldt","sa738262",26,3.929,0.472,0.8
"1368","Narciso Crook","sa738300",25,2.595,-0.333,2.7
"1369","Stephen Wrenn","sa738419",26,0.779,-0.711,0.9
"1370","Nick Longhi","sa738434",25,1.236,-2.221,0
"1371","Luis Aviles Jr.","sa738445",26,1.305,-0.184,2.5
"1372","Cody Thomas","sa738459",26,3.703,0.247,3.5
"1373","Chris Okey","sa738505",26,1.075,-2.382,0
"1374","Edgar Cabral","sa738507",25,0.905,-2.552,0
"1375","Charles Leblanc","sa738521",25,1.164,-2.293,0
"1376","J.C. Escarra","sa738605",26,1.563,-0.833,1.3
"1377","Torii Hunter Jr.","sa738667",26,0.151,-1.338,0
"1378","Buddy Reed","sa738683",26,2.921,-0.535,3
"1379","Jordan Cowan","sa738703",26,1.72,0.23,5.1
"1380","Willie Abreu","sa738883",26,0.324,-1.166,0.8
"1381","Taylor Snyder","sa738930",26,1.908,-0.186,1.5
"1382","Harrison Wenson","sa738936",26,0.099,-0.945,0
"1383","Jacob Heyward","sa738955",25,1.021,-0.468,0
"1384","Caleb Hamilton","sa738961",26,0.012,-1.478,0
"1385","Brandon Wagner","sa738979",25,1.732,-1.725,0
"1386","Robbie Tenerowicz","sa738999",26,0.586,-0.904,0
"1387","Dominic Miroglio","sa739013",26,0.109,-1.381,0
"1388","Alexander Palma","sa739541",25,0.149,-1.341,0.7
"1389","Samir Duenez","sa739574",25,0.061,-0.984,0
"1390","Wendell Rijo","sa739597",25,1.159,-0.331,2.4
"1391","Johan Mieses","sa747574",25,3.07,0.455,5
"1392","Michael De Leon","sa823925",24,1.559,-1.897,0
"1393","Rene Pinto","sa826668",24,2.773,0.549,5.3
"1394","Kyle Overstreet","sa827140",27,0,-1.49,0
"1395","Chris Chinea","sa827344",27,0,-1.49,0
"1396","Eric Filia","sa827359",28,3.601,0.145,0.8
"1397","Melvin Novoa","sa827953",25,1.323,-0.166,1.2
"1398","Luis Carpio","sa827960",23,0.77,-0.72,2.3
"1399","Osvaldo Duarte","sa828299",25,0,-1.49,0
"1400","Roldani Baldwin","sa828313",25,0.317,-1.172,0.7
"1401","Jhonny Santos","sa828314",24,1.234,-0.256,1.5
"1402","Manuel Melendez","sa828329",24,0.688,-0.801,1.2
"1403","Jose Gomez","sa828331",24,0.625,-1.614,1.5
"1404","Keinner Pina","sa828363",24,0.013,-0.987,0
"1405","Dennis Ortega","sa828381",24,1.194,-2.263,0
"1406","Andy Sugilio","sa828414",24,0.15,-1.339,0
"1407","Hendrik Clementina","sa828422",24,0.044,-1.445,0
"1408","Carlos Perez","sa828577",24,0.606,-0.884,0.7
"1409","Forrest Wall","sa828682",25,4.528,1.072,18.3
"1410","Jake Gatewood","sa828685",25,2.925,-0.532,4.5
"1411","Justin Twine","sa828686",25,2.875,-0.581,1.4
"1412","Michael Gettys","sa828692",25,1.772,-1.685,0
"1413","Ti'Quan Forbes","sa828696",24,0.986,-1.264,0
"1414","Marcus Wilson","sa828703",24,3.453,-0.004,3.2
"1415","Gareth Morgan","sa828708",25,0,-1.045,0
"1416","Josh Morgan","sa828797",25,0.551,-0.939,3.3
"1417","D.J. Burt","sa828876",25,3.546,2.057,10.6
"1418","Jermaine Palacios","sa828886",24,2.501,1.011,5.2
"1419","Max George","sa829010",25,0.113,-1.377,0
"1420","Roy Morales","sa829030",26,0.048,-1.441,0
"1421","Trace Loehr","sa829044",26,1.067,-2.389,1.7
"1422","Jamie Ritchie","sa829058",28,2.668,-0.788,0
"1423","Chris Rabago","sa829062",28,1.388,-2.069,0.7
"1424","Nick Tanielu","sa829082",28,2.464,-0.993,0
"1425","Stone Garrett","sa829117",25,0.662,-0.828,1.7
"1426","Zack Zehner","sa829122",28,2.109,-1.348,0
"1427","Brian O'Keefe","sa829152",27,1.181,-1.094,0
"1428","Michael Papierski","sa829203",25,3.216,-0.24,0
"1429","Alec Keller","sa829219",29,4.212,0.755,0
"1430","Jeremy Rivera","sa829240",26,1.316,-1.264,0
"1431","Drew Lugbauer","sa829268",24,0.761,-0.729,0
"1432","Isaias Quiroz","sa829275",24,0,-1.045,0
"1433","Isiah Gilliam","sa829343",24,2.917,1.427,4.1
"1434","Jordan Procyshen","sa829345",28,0.141,-1.349,0
"1435","Jared Walker","sa829364",25,0.084,-0.961,0
"1436","Rudy Martin","sa829374",25,3.853,1.556,6.8
"1437","Josh Ockimey","sa829375",25,2.545,-0.911,1.5
"1438","K.J. Harrison","sa829382",24,0.809,-0.681,0
"1439","Cristian Santana","sa829387",24,0.87,-2.587,0.7
"1440","Will Toffey","sa829401",26,1.069,-1.028,1.9
"1441","Tra Holmes","sa829468",24,0.132,-0.912,0
"1442","Dom Thompson-Williams","sa829483",26,0.113,-1.377,0.9
"1443","J.J. Matijevic","sa829488",25,2.087,-0.562,2.6
"1444","Michael Cantu","sa829494",25,0.942,-2.514,0
"1445","Jeren Kendall","sa829529",25,2.485,0.996,9.4
"1446","Mike Rivera","sa829667",25,0.09,-1.4,0
"1447","Chris Hudgins","sa829684",25,0.01,-1.48,0
"1448","Bubba Hollins","sa829697",25,0.911,-0.278,1.5
"1449","Tim Susnara","sa829699",25,0.327,-1.162,0
"1450","Evan Skoug","sa829713",25,0,-1.045,0
"1451","Tristan Gray","sa829756",25,2.151,-1.306,0
"1452","Quinn Brodey","sa829783",25,1.637,-0.624,3.3
"1453","Andrew Bechtold","sa829787",25,0.234,-1.256,0
"1454","Travis Jones","sa829805",25,0.539,-1.557,0
"1455","Carl Chester","sa829813",25,1.073,-2.383,1
"1456","Dalton Guthrie","sa829836",25,1.441,-0.958,0.6
"1457","Scott Manea","sa829837",25,1.128,-0.362,1.7
"1458","Riley Mahan","sa829844",25,0.022,-1.467,0
"1459","Bryson Brigman","sa829857",26,3.468,0.012,1.5
"1460","Kevin Josephina","sa830120",24,0,-1.045,0
"1461","Carlos Herrera","sa830140",24,0.286,-0.759,0
"1462","Jose Herrera","sa830295",24,1.703,-0.659,1.9
"1463","Franklin Torres","sa830300",24,0.12,-0.925,0
"1464","Micker Adolfo","sa830303",24,2.339,0.384,3
"1465","Andruw Monasterio","sa830359",24,0.708,-0.782,0.8
"1466","Gavin Collins","sa857219",25,1.978,-1.478,0.7
"1467","Jason Delay","sa857222",26,0.056,-1.434,0
"1468","Ryan Howard","sa857225",26,0,-1.49,0
"1469","Brian Serven","sa857231",26,1.992,-1.464,2.2
"1470","Brett Sullivan","sa857232",27,2.514,-0.942,0.8
"1471","Brennon Lund","sa857730",26,2.312,-1.145,0
"1472","Errol Robinson","sa857819",26,1.111,-1.428,0
"1473","Kramer Robertson","sa857820",26,4.446,0.99,3
"1474","Preston Palmeiro","sa857823",26,1.993,-1.464,0.7
"1475","Anderson Miller","sa857824",27,4.095,0.638,3.4
"1476","Kyle Holder","sa857840",27,1.324,-2.132,0.8
"1477","Connor Marabell","sa858026",27,2.369,-1.087,0.7
"1478","Arden Pabst","sa858812",26,0,-1.49,0
"1479","Mitchell Tolman","sa858829",27,1.579,-1.498,0
"1480","Wilbis Santiago","sa862819",25,0.431,-1.059,0
"1481","Edwin Yon","sa872464",22,0.329,-0.628,0
"1482","Kevin Vicuna","sa872466",23,1.187,-0.302,1.5
"1483","Elehuris Montero","sa872477",22,4.409,2.919,9.7
"1484","Joseph Rosa","sa872490",24,0.596,-0.449,1.6
"1485","Jose Rivas","sa872495",22,0,-0.957,0
"1486","Marcos Rivera","sa872509",24,0.057,-0.988,0
"1487","Yoel Romero","sa872524",23,0.724,-0.765,2.1
"1488","Ranfy Adon","sa872525",23,0.517,-0.44,1.4
"1489","Romer Cuadrado","sa872527",23,0.511,-0.979,1.2
"1490","Mariel Bautista","sa872535",23,0.478,-0.567,0.8
"1491","Leonardo Rivas","sa872542",23,1.081,-0.408,1.5
"1492","Pablo Olivares","sa872547",23,0.596,-0.449,2.2
"1493","Frederick Cuevas","sa872550",23,0.284,-0.761,0.8
"1494","Leobaldo Cabrera","sa872551",23,1.451,-0.039,0.8
"1495","Jason Lopez","sa872552",23,1.181,-0.308,0
"1496","Juan De Leon","sa872565",23,0,-0.957,0
"1497","Pedro Gonzalez","sa872568",23,0,-1.045,0
"1498","Juan Uriarte","sa872569",23,0,-1.045,0
"1499","Edgardo Fermin","sa872571",23,0.796,-0.249,0.7
"1500","Lucas Erceg","sa872722",26,0.079,-1.41,0
"1501","Dariel Gomez","sa872729",24,0.113,-0.88,0
"1502","Edwin Figuera","sa872730",23,0.54,-2.917,0
"1503","Daniel Brito","sa872732",23,1.845,0.356,1.7
"1504","Miguelangel Sierra","sa872750",23,2.897,-0.559,3.7
"1505","Omar Meregildo","sa872765",23,0.311,-0.733,0.9
"1506","Oscar Gonzalez","sa872782",23,3.906,1.525,3.2
"1507","Cristopher Cespedes","sa872783",23,0,-0.957,0
"1508","Sandro Fabian","sa872803",23,1.612,0.122,2.2
"1509","Andres Angulo","sa872806",23,1.151,-0.338,1.8
"1510","Yorman Rodriguez","sa872817",23,0.498,-0.726,1.3
"1511","Javier Guevara","sa872828",23,0.783,-0.455,0.4
"1512","Diego Castillo","sa872839",23,3.575,2.085,8.3
"1513","Lorenzo Cedrola","sa872850",23,1.813,0.323,0.9
"1514","Imeldo Diaz","sa872851",23,0,-1.233,0
"1515","Jose Colina","sa872875",23,0,-0.957,0
"1516","Jose Marquez","sa873155",23,0,-0.957,0
"1517","Tyler Ramirez","sa873260",26,0.17,-1.319,0
"1518","Trenton Brooks","sa873268",25,2.903,-0.02,3.2
"1519","Nate Mondou","sa873282",26,2.115,-1.341,0.7
"1520","Leandro Cedeno","sa873307",22,0.72,-0.325,0
"1521","Andres Guerra","sa873330",24,0.048,-0.996,0
"1522","Jose Tello","sa873350",23,0.061,-0.984,0
"1523","Stevie Berman","sa873599",26,0.259,-1.231,0
"1524","Todd Czinege","sa873611",26,0,-1.49,0
"1525","Connor Justus","sa873634",26,0.433,-1.762,0.3
"1526","Weston Wilson","sa873690",26,5.79,2.333,10.4
"1527","Jarett Rindfleisch","sa873696",25,0.595,-0.895,0.9
"1528","David MacKinnon","sa873706",26,1.068,-0.422,0.9
"1529","Ryan Noda","sa873960",25,2.29,0.801,2.7
"1530","Nick Banks","sa873982",26,0.098,-1.392,0
"1531","C.J. Chatham","sa873984",26,1.429,-2.027,0
"1532","Camden Duzenack","sa873988",26,1.49,-1.328,1.7
"1533","Vince Fernandez","sa873990",25,0.458,-1.031,1.9
"1534","Casey Golden","sa873997",26,0.236,-1.254,0
"1535","Mitch Longo","sa874178",26,1.832,-0.049,5.1
"1536","Corey Bird","sa874209",25,4.591,1.135,4
"1537","Blake Tiberi","sa874235",26,0,-1.045,0
"1538","Cornelius Randolph","sa874241",24,5.971,2.514,11.9
"1539","Garrett Whitley","sa874244",24,3.519,2.03,8.3
"1540","Matt Jones","sa874481",29,0.502,-0.988,0
"1541","Nick Plummer","sa874684",24,1.641,0.151,1.2
"1542","Chris Betts","sa874791",24,0.033,-1.457,0
"1543","Desmond Lindsay","sa874792",24,0.115,-1.374,0
"1544","Blake Perkins","sa874806",24,1.719,0.229,1.7
"1545","Jalen Miller","sa875016",24,0.204,-1.286,0.8
"1546","Trey Cabbage","sa875022",24,0.797,-0.493,0.8
"1547","Demi Orimoloye","sa875027",24,0.254,-1.236,0
"1548","Jagger Rusconi","sa875030",24,0.065,-0.979,0
"1549","Brendon Davis","sa875089",23,2.227,1.044,5.1
"1550","Moises Gomez","sa875163",22,1.717,0.227,3.3
"1551","Donny Sands","sa875201",25,2.221,0.179,2.3
"1552","Seamus Curran","sa875212",23,0.52,-0.525,0.6
"1553","Nathan Lukes","sa875215",26,4.344,0.887,1.4
"1554","Gabriel Cancel","sa875231",24,5.662,2.206,9.8
"1555","Logan Landon","sa875279",28,0.133,-1.356,1
"1556","Jaylen Ferguson","sa875317",23,0.787,-0.703,1.8
"1557","Yeltsin Encarnacion","sa875336",23,0.2,-1.075,0
"1558","Brantley Bell","sa875352",26,2.215,-1.241,0.9
"1559","Reggie Pruitt","sa875404",24,0.37,-1.12,0.8
"1560","Christian Kelley","sa875583",27,1.057,-2.399,0.8
"1561","Max McDowell","sa875626",27,2.738,-0.719,0.8
"1562","Brad Zunica","sa875647",25,0,-1.49,0
"1563","Ian Sagdal","sa875695",28,0.087,-1.403,0.7
"1564","Chad De La Guerra","sa875729",28,2.782,-0.675,0.8
"1565","James Nelson","sa875753",23,0.582,-0.462,0.6
"1566","Drew Ferguson","sa875766",28,3.255,-0.202,7.6
"1567","Josh Rolette","sa875776",25,0,-1.49,0
"1568","Scott Burcham","sa875782",28,1.043,-2.413,1.7
"1569","Jonathan Morales","sa875808",26,0.981,-2.475,0
"1570","Dwanya Williams-Sutton","sa875819",23,1.985,0.677,3.8
"1571","Wagner Lagrange","sa875875",25,0.229,-1.261,0.7
"1572","Delvin Zinn","sa875884",24,0.748,-0.366,3
"1573","Gabriel Garcia","sa875999",23,0.465,-0.817,1.6
"1574","Tyler Payne","sa876024",28,0.078,-1.412,0.6
"1575","Griffin Conine","sa876060",23,1.787,0.611,4.7
"1576","DJ Neal","sa876087",24,-0.049,-1.093,0
"1577","Collin Theroux","sa876102",27,0,-1.49,0
"1578","Garrett Wolforth","sa876111",23,0,-0.957,0
"1579","Ben Pelletier","sa876134",22,0,-0.957,0
"1580","Travis Moniot","sa876158",24,0.194,-0.851,0
"1581","Ford Proctor","sa876187",24,0.736,-0.754,0.8
"1582","Tristin English","sa876328",24,0,-1.045,0
"1583","Dalton Kelly","sa876363",26,5.222,1.766,5.5
"1584","Nash Knight","sa876814",28,2.16,-1.297,0
"1585","Shean Michel","sa877018",23,0.089,-0.955,0
"1586","Ricardo Rodriguez","sa877334",23,0,-0.957,0
"1587","Gilbert Lara","sa877337",23,0.355,-0.919,0.6
"1588","Carlos Sepulveda","sa877338",24,0.536,-0.954,0
"1589","Ricky Aracena","sa877365",23,1.055,0.01,0.8
"1590","Arquimedes Gamboa","sa877497",23,2.037,0.236,1.4
"1591","Rodolfo Duran","sa877500",23,0.599,-0.89,2.3
"1592","Izzy Wilson","sa877504",23,3.836,2.347,6.8
"1593","Juan Yepez","sa877505",23,5.477,2.467,9.7
"1594","Adrian Rondon","sa877519",22,0.093,-0.951,0
"1595","Peter Maris","sa877608",27,2.779,-0.677,0.8
"1596","Dermis Garcia","sa881025",23,1.537,0.047,0.7
"1597","Ronaldo Hernandez","sa881850",23,1.28,-0.209,1.7
"1598","Bryan Torres","sa885119",23,0.53,-0.96,1.5
"1599","Carlos Soto","sa900974",22,0.255,-0.702,0.7
"1600","Yusniel Diaz","sa912848",24,0.893,-2.563,0
"1601","Corey Julks","sa913274",25,1.024,-0.466,1.5
"1602","Armando Alvarez","sa913279",26,2.082,-1.375,0
"1603","Alex Call","sa913343",26,3.501,1.009,6.2
"1604","Gavin Stupienski","sa913367",27,0.106,-0.939,0
"1605","Lucius Fox","sa914200",23,5.16,1.704,19.8
"1606","Omar Estevez","sa914242",23,1.357,-2.1,1
"1607","Jeison Guzman","sa914314",22,2.96,1.915,10.1
"1608","Devin Hairston","sa915575",25,0.097,-1.392,0
"1609","Willy Yahn","sa915589",25,0.025,-0.933,0
"1610","Justin Yurchak","sa915590",24,0.78,-0.349,1.5
"1611","Tyler Friis","sa915593",25,1.1,-0.389,0.7
"1612","Brett Cumberland","sa915611",26,3.685,0.229,4.4
"1613","Nick Dunn","sa915613",24,0.221,-1.269,0
"1614","Colby Fitch","sa915614",25,0.71,-0.779,0.9
"1615","Ryan Gridley","sa915617",26,0.055,-0.989,0
"1616","Sean Bouchard","sa915652",25,0.853,-0.636,0
"1617","Donovan Casey","sa915654",25,0.814,-0.675,1.5
"1618","Jeremy Vasquez","sa915673",24,0.686,-0.535,1.7
"1619","Michael Gigliotti","sa915700",25,0.188,-0.856,0
"1620","Matt McLaughlin","sa915706",25,0,-1.49,0
"1621","Kevin Merrell","sa915707",25,0.294,-1.195,0
"1622","Dane Myers","sa915708",25,0.224,-0.733,1.3
"1623","Cole Freeman","sa915838",26,0.257,-1.233,1.1
"1624","Colton Shaver","sa915847",25,2.609,-0.847,1.4
"1625","Matt Whatley","sa915868",25,0.172,-1.318,0
"1626","Jose Bermudez","sa916720",23,0.089,-0.868,0.8
"1627","Ricardo Genoves","sa916844",22,1.557,0.555,7.6
"1628","Franklin Labour","sa916848",23,0.459,-0.586,0.9
"1629","Diego Rincones","sa916849",22,3.551,2.247,6.8
"1630","Oswaldo Cabrera","sa916954",22,2.943,1.453,4.2
"1631","Carlos Narvaez","sa916966",22,0.476,-0.481,0.8
"1632","Jesus Bastidas","sa916969",22,1.518,0.363,2.9
"1633","Andres Chaparro","sa916976",22,0.211,-0.763,0
"1634","Harvin Mendoza","sa916997",22,0.525,-0.446,0.2
"1635","Rubendy Jaquez","sa917022",22,0.368,-0.589,0.9
"1636","Cristian Perez","sa917025",22,1.716,-1.741,1.8
"1637","Esteury Ruiz","sa917030",22,4.973,3.483,10.2
"1638","Seuly Matias","sa917039",22,2.161,1.116,4.8
"1639","Carlos Reina","sa917054",22,0,-0.957,0
"1640","Miguel Hernandez","sa917055",22,0.396,-0.649,0
"1641","Juan Martinez","sa917056",22,0.949,-0.096,1.4
"1642","Cristopher Navarro","sa917065",22,0.069,-0.935,0
"1643","Daniel Montano","sa917068",22,0.362,-0.626,0
"1644","Pedro Castellanos","sa917074",23,1.814,0.324,0.7
"1645","Yeison Coca","sa917075",22,0.229,-0.816,0
"1646","Antonio Pinero","sa917079",22,0.047,-0.998,0
"1647","Eduardo Torrealba","sa917095",22,0.536,-0.481,0.4
"1648","Roberto Alvarez","sa917107",21,2.255,1.211,1.8
"1649","Shervyen Newton","sa917119",22,0,-0.957,0
"1650","Jonathan Guzman","sa917127",21,0.892,-0.153,0.7
"1651","Ismael Munguia","sa917132",22,2.922,1.878,9.1
"1652","Moises Castillo","sa917135",21,1.257,0.212,0.9
"1653","Eguy Rosario","sa917140",21,4.016,2.526,9.1
"1654","Kelvin Melean","sa917141",22,0.994,-0.229,1.6
"1655","Kelvin Alarcon","sa917142",22,0.24,-0.805,0
"1656","Jonathan Willems","sa917150",22,0.159,-0.885,0
"1657","Reniel Ozuna","sa917151",22,0.162,-0.883,0
"1658","Ruben Santana","sa917167",23,0,-0.957,0
"1659","Wander Javier","sa917168",22,0.373,-0.672,0
"1660","Eduardo Diaz","sa917182",23,0.855,-0.19,1.5
"1661","Jose King","sa917184",22,0.181,-0.844,0
"1662","Jesus Lujano","sa917197",22,1.189,0.145,1
"1663","Miguel Aparicio","sa917275",22,2.951,1.907,8.2
"1664","Cristian Inoa","sa917277",21,0.923,-0.034,2.4
"1665","Ramiro Rodriguez","sa917287",23,0.127,-0.917,0.9
"1666","Enmanuel Valdez","sa917288",22,2.157,1.112,5.4
"1667","Yeuris Ramirez","sa917291",22,0.384,-0.573,0.8
"1668","Ronaldo Urdaneta","sa917292",22,0.628,-0.329,1.5
"1669","Yonathan Perlaza","sa917302",22,1.495,0.451,4.3
"1670","Jonathan Sierra","sa917303",22,0.382,-0.575,0.7
"1671","Brandon Leyton","sa917309",22,0.124,-0.833,0
"1672","Oneil Cruz","sa917318",22,4.696,3.206,10.5
"1673","Carlos Rincon","sa917319",23,2.287,0.797,3.4
"1674","Leonel Valera","sa917320",21,2.458,1.413,5
"1675","Ronny Brito","sa917329",22,0.291,-0.754,0
"1676","Sauryn Lao","sa917331",21,0.286,-0.671,0
"1677","Jair Camargo","sa917333",21,2.048,1.003,3.8
"1678","Jose Fermin","sa917339",22,2.408,0.919,1.7
"1679","Osmy Gregorio","sa917348",23,0.417,-0.627,2.3
"1680","Miguel Amaya","sa917354",22,3.898,2.409,5.2
"1681","Dennicher Carrasco","sa917459",25,0.135,-1.354,0
"1682","Luis Leon","sa917463",22,0,-0.957,0
"1683","Julio E. Rodriguez","sa917669",24,0.296,-1.193,0.8
"1684","Marco Hernandez","sa917737",23,0.077,-0.88,0
"1685","Miguel Jerez","sa917754",23,0,-0.957,0
"1686","Lolo Sanchez","sa917767",22,2.699,1.655,2.5
"1687","Luis De Los Santos","sa917822",23,0.05,-0.995,0
"1688","Juan Fernandez","sa917824",22,2.96,1.47,2.4
"1689","Josh Lowe","sa917926",23,6.715,3.258,17.9
"1690","Will Benson","sa917927",23,4.234,2.745,10.3
"1691","Blake Rutherford","sa917932",24,2.103,-1.353,0.9
"1692","Joe Rizzo","sa917934",23,0.918,-0.571,2.2
"1693","Delvin Perez","sa917935",22,2.079,0.59,3.7
"1694","Hudson Potts","sa917936",22,1.506,0.016,3.5
"1695","Andy Yerzy","sa917939",22,2.322,1.293,6.3
"1696","Nolan Jones","sa917941",23,3.709,0.252,3.2
"1697","Jose Miranda","sa917952",23,5.489,3.002,14.7
"1698","Cole Stobbe","sa917956",23,0,-1.045,0
"1699","Colton Welker","sa917962",23,1.908,-1.549,1.2
"1700","Thomas Jones","sa917968",23,0.743,-0.302,1.8
"1701","Kole Enright","sa917991",23,0.064,-0.981,0
"1702","Alexis Torres","sa918010",23,1.034,-0.456,0.8
"1703","Conner Capel","sa918012",24,3.058,-0.399,3.1
"1704","Payton Henry","sa918019",24,1.121,-1.081,0.8
"1705","Michael Cruz","sa918049",25,1.488,-0.001,1.6
"1706","Luis Curbelo","sa918086",23,0.281,-0.764,0.8
"1707","Nate Nolan","sa918101",26,1.327,-2.129,0
"1708","Alan Marrero","sa918102",23,0.054,-0.947,0
"1709","Ryan January","sa918104",24,0.299,-0.745,0
"1710","Tyler Neslony","sa918131",27,0.757,-0.732,2.1
"1711","Hosea Nelson","sa918155",24,0.048,-0.909,0
"1712","Freddy Fermin","sa918173",26,0.957,-0.533,1.9
"1713","Samad Taylor","sa918192",22,4.147,2.657,9.5
"1714","Josh Stephen","sa918203",23,1.54,0.05,1.7
"1715","Chad McClanahan","sa918209",23,0.099,-0.946,0
"1716","Armond Upshaw","sa918220",25,0.104,-0.941,0.8
"1717","Danny Woodrow","sa918257",26,0,-1.49,0
"1718","Mitch Roman","sa918259",26,0.651,-0.838,0.7
"1719","Brady Whalen","sa918278",23,0.347,-0.698,0.8
"1720","Brady Policelli","sa918279",26,2.293,0.151,8.7
"1721","Darick Hall","sa918293",25,3.039,-0.417,1.5
"1722","Jack Suwinski","sa918314",22,4.278,2.788,12.4
"1723","Miles Mastrobuoni","sa918318",25,1.509,-0.536,0.7
"1724","Francisco Del Valle","sa918323",22,1.125,0.081,0.7
"1725","Mike Wilson","sa918332",23,0,-0.957,0
"1726","Lyle Lin","sa918343",24,0.123,-0.834,0.9
"1727","Todd Lott","sa918408",23,0.422,-0.557,0.6
"1728","Cooper Hummel","sa918412",26,4.253,0.796,1
"1729","Jim Haley","sa918418",26,0.539,-0.951,1.7
"1730","Evan Alexander","sa918444",23,1.473,0.516,4.2
"1731","Taylor Kohlwey","sa918457",26,1.989,-0.951,1.3
"1732","Chuckie Robinson","sa918471",26,0.427,-1.062,0
"1733","Joel Booker","sa918497",27,0.868,-0.622,2.4
"1734","Matt Hearn","sa918523",25,0.728,-0.762,2.3
"1735","Reynaldo Rivera","sa918552",24,0.077,-0.967,0
"1736","Ryan Gold","sa918639",23,0.283,-0.762,0
"1737","Connor Myers","sa918641",27,0.234,-1.256,0
"1738","Logan Davidson","sa918676",23,0.262,-1.227,0
"1739","Brandon Martorano","sa918686",23,1.223,-0.06,1.6
"1740","Ben Ruta","sa918694",27,1.12,-1.331,0.5
"1741","Ramon Rodriguez","sa918698",22,0,-0.957,0
"1742","Ryan Aguilar","sa918712",26,0,-1.49,0
"1743","Joey Roach","sa918726",27,0.193,-1.296,0
"1744","Matt Wallner","sa918808",23,1.13,0.086,1.2
"1745","Caleb Scires","sa918832",22,0.232,-0.725,0
"1746","Craig Dedelow","sa918840",26,0.06,-1.429,0
"1747","Zach Davis","sa918888",27,2.105,0.615,10.5
"1748","John Rave","sa918890",23,1.23,0.185,4.5
"1749","Armani Smith","sa918911",22,1.193,0.169,0.4
"1750","Eli Wilson","sa918961",22,1.051,0.094,2
"1751","Chavez Young","sa918963",23,2.576,1.086,5.1
"1752","Matt Fraizer","sa918983",23,1.994,0.88,3
"1753","Jonathan Aranda","sa919293",23,3.432,2.06,8.4
"1754","Gabriel Maciel","sa919532",22,1.727,0.683,3.9
"1755","Jose Mena","sa919893",24,0.093,-0.952,0.7
"1756","Jhailyn Ortiz","sa920180",22,2.497,1.355,3.9
"1757","Yariel Gonzalez","sa920278",27,2.207,-1.249,0.9
"1758","Luis Santana","sa921577",21,2.306,1.262,4.1
"1759","Alfredo Rodriguez","sa922180",27,1.486,-1.97,0
"1760","Jefrey Ramos","sa923039",22,1.557,0.068,5.5
"1761","Reinaldo Ilarraza","sa923239",22,0.515,-0.53,0
"1762","Saul Torres","sa923363",22,0,-1.045,0
"1763","Braulio Vasquez","sa924858",22,1.995,1.038,8.9
"1764","Fabricio Macias","sa927338",23,1.494,-0.337,0.6
"1765","Victor De Hoyos","sa930082",23,0.053,-0.904,0
"1766","TJ Friedl","sa943754",25,3.335,-0.122,2.3
"1767","Jerar Encarnacion","sa943817",23,1.423,-0.067,3.8
"1768","Yasel Antuna","sa962601",21,2.174,1.13,2.8
"1769","Kevin Maitan","sa969045",21,0,-1.045,0
"1770","Lazaro Armenteros","sa969091",22,0.44,-0.578,1.6
"1771","Luis Almanzar","sa970515",21,0.213,-0.831,0
